date,mean,median,lower_90,upper_90,lower_50,upper_50,estado,fecha_estimado
2020-03-09,1.4141218553084092,1.3608083576787458,0.9253455908625404,2.069426365046293,1.0697919938481857,1.4601340481206337,Baja California,2020-04-28
2020-03-10,1.4227768142002657,1.3603825666120875,0.8317256986354806,1.9959937238540735,1.0873313091156287,1.498279879532422,Baja California,2020-04-28
2020-03-11,1.4273448428620537,1.3559373141698527,0.815062227046515,2.038679312608711,1.0456818993258312,1.4681736792311268,Baja California,2020-04-28
2020-03-12,1.4155919932072323,1.3511709510021837,0.7841171433584095,2.0392535428574434,1.0697104983217864,1.4884314882939758,Baja California,2020-04-28
2020-03-13,1.412932874322607,1.360426756335284,0.8371463417428938,2.117063289489406,1.056568722505165,1.486604437814057,Baja California,2020-04-28
2020-03-14,1.4207486354436845,1.3624291702728533,0.8709230949552226,2.12903339259297,1.03402830600071,1.4686903393854924,Baja California,2020-04-28
2020-03-15,1.4277016441776609,1.3655905631470762,0.8572339148778984,2.111239170910538,1.0452818244199105,1.4645281118424627,Baja California,2020-04-28
2020-03-16,1.4441285035275473,1.3807675634943175,0.8224507680524833,2.0719773629612552,1.0501664954727907,1.4722368136551471,Baja California,2020-04-28
2020-03-17,1.462924359586607,1.3917965574590268,0.9191473576086396,2.086942325578894,1.0667579755069165,1.4916834185759753,Baja California,2020-04-28
2020-03-18,1.4731476335513405,1.4075706755205188,0.8953745704990715,2.071291817064617,1.1055022899131017,1.5414741467365471,Baja California,2020-04-28
2020-03-19,1.4882992840675715,1.4120598410461038,0.9060895718533774,2.0849413451947942,1.1051067302850661,1.5367078004061536,Baja California,2020-04-28
2020-03-20,1.4988315746712018,1.4130522900205529,0.9358633106454238,2.1689260953958134,1.135559943968211,1.5536970041905545,Baja California,2020-04-28
2020-03-21,1.513750430707106,1.4274508816508655,0.9638931339171413,2.1922543789452607,1.08299603440274,1.5012699050274174,Baja California,2020-04-28
2020-03-22,1.5213012074009686,1.4455901125174704,0.8901437655814394,2.088278655527958,1.091087268893668,1.5197793315612211,Baja California,2020-04-28
2020-03-23,1.5446852921872212,1.4470631458101137,0.943030068569221,2.1686145248626003,1.144015362456621,1.5686569647895874,Baja California,2020-04-28
2020-03-24,1.5713424493407722,1.481932428615759,0.9822106063950423,2.1844419204282706,1.1086728255518619,1.542603729970037,Baja California,2020-04-28
2020-03-25,1.5879685221384492,1.4885000112988789,1.0218344495716385,2.2508004379408826,1.1255635221883753,1.5733358194429141,Baja California,2020-04-28
2020-03-26,1.5925232688682076,1.5017119392279827,1.0347022351148043,2.220920801626454,1.2059207501534044,1.6449097187936483,Baja California,2020-04-28
2020-03-27,1.5840353014616941,1.499936116239638,1.0009171221079889,2.14835203849371,1.168301370364532,1.5959914116852287,Baja California,2020-04-28
2020-03-28,1.5142581262622683,1.4361111153392958,1.0078924257340762,2.0425814485237117,1.1439830066047596,1.5103940804659497,Baja California,2020-04-28
2020-03-29,1.4487243547242281,1.3908486935722681,1.0017657707901266,1.8925217924586475,1.1666977354462464,1.5144068383548126,Baja California,2020-04-28
2020-03-30,1.3225044214362818,1.281778470603931,0.9230808329970943,1.7262204880091314,1.103202469784428,1.3774254698650732,Baja California,2020-04-28
2020-03-31,1.302710521559986,1.2747243805067108,0.9222637300453028,1.7235584030388407,1.0980375877757638,1.386804701779653,Baja California,2020-04-28
2020-04-01,1.2772815454778141,1.2439800565856327,0.921106814517165,1.7162684499510323,1.0492897442704967,1.3195037121309328,Baja California,2020-04-28
2020-04-02,1.2981216102085587,1.257956342601401,0.9313973428580888,1.7161872686112152,1.042562318905258,1.3121748085519858,Baja California,2020-04-28
2020-04-03,1.2828840423582912,1.2512678337499215,0.9845835245012018,1.7238350496078572,1.0715004651225017,1.3329018593795887,Baja California,2020-04-28
2020-04-04,1.288127971765837,1.2439353881972852,0.9528221457976034,1.7172449767255176,1.0523310393063077,1.324215216968471,Baja California,2020-04-28
2020-04-05,1.2750243650660495,1.2406526342870503,0.9760814320420212,1.6661884173263297,1.0539770463210434,1.3132021691605567,Baja California,2020-04-28
2020-04-06,1.277439339985903,1.2477936747241107,0.9352727549003012,1.6328434740040307,1.0810187798176631,1.3429240760244205,Baja California,2020-04-28
2020-04-07,1.2954815971440128,1.2529204939785177,0.9618422665980054,1.679181274765446,1.0627796521655368,1.3260533890430117,Baja California,2020-04-28
2020-04-08,1.3303553094630602,1.2796261255081829,0.9673770321449604,1.6834840954258035,1.098124600794669,1.3670429108107631,Baja California,2020-04-28
2020-04-09,1.33176068895781,1.2909313409718892,0.9966308591769844,1.7093540889174246,1.0644480799859792,1.33545739525977,Baja California,2020-04-28
2020-04-10,1.3064211909338492,1.2568062425749948,0.9875188100215027,1.663147754203949,1.061842145386464,1.3117194782998154,Baja California,2020-04-28
2020-04-11,1.2775592915809513,1.2290517537390175,0.9556735782494947,1.6452915144086742,1.0930563226897878,1.3345007058747782,Baja California,2020-04-28
2020-04-12,1.1126335509522411,1.1051536162540059,0.8088281433620628,1.399493907626807,1.0105456446015524,1.223589488348143,Baja California,2020-04-28
2020-04-13,1.0526551617352735,1.055905798260984,0.7207631547643283,1.3459974502641316,0.9836898552792909,1.2060405584740785,Baja California,2020-04-28
2020-04-14,0.9681934093859454,0.9918426946725892,0.6460797074121456,1.3497747166117118,0.8934082159586809,1.1367849133277774,Baja California,2020-04-28
2020-04-15,0.9348817787153278,0.9618006257003073,0.5198032016463996,1.2849092131793574,0.8889876553330543,1.1413665016355823,Baja California,2020-04-28
2020-04-16,0.9586090139049984,0.9771058023095036,0.6241014460558064,1.352412680736869,0.8847056907541553,1.1191691253259042,Baja California,2020-04-28
2020-04-17,0.9579414845794642,0.9816890805790479,0.6055378113288653,1.3322106830190992,0.8714914608886447,1.1262366028461215,Baja California,2020-04-28
2020-04-18,1.0257162081934783,1.0336085290057164,0.6167701214813304,1.3825547461533245,0.8944094460039389,1.1513180770666303,Baja California,2020-04-28
2020-04-19,1.0165431570300274,1.0254739089910734,0.6361977641744881,1.4919341035730624,0.8810298584876645,1.1580900462914223,Baja California,2020-04-28
2020-04-20,1.0252949483714273,1.0385374168364543,0.5027841586027083,1.4987232365773213,0.8909758800123697,1.1917152608083237,Baja California,2020-04-28
2020-04-21,1.0139740338430225,1.0380884384898834,0.4902569983841869,1.5681592815395815,0.8774962523012201,1.2045040673499046,Baja California,2020-04-28
2020-04-22,1.0066670442669652,1.0285445469191803,0.4224848916068444,1.591042312557034,0.8697937173816515,1.2134395043539616,Baja California,2020-04-28
2020-04-23,1.0044332819935773,1.0394071609896494,0.4331162180433363,1.6287032706035638,0.8219650497084321,1.1806938004473349,Baja California,2020-04-28
2020-04-24,1.0022837871198147,1.0385799903332111,0.3899921099148262,1.6848557059530123,0.8568695682375741,1.2479893891656328,Baja California,2020-04-28
2020-04-25,0.9990977390385276,1.0210406534490455,0.37021566858946875,1.735158037131165,0.8176519271414908,1.2235179386551671,Baja California,2020-04-28
2020-04-26,0.9969612084881568,1.026268622699162,0.22349987528597115,1.6744814195602533,0.8822265201806273,1.3167421874322343,Baja California,2020-04-28
2020-03-09,1.5405644507642808,1.4696066258521832,0.963242869367203,2.1641179106242845,1.1295245923942683,1.5612010952655193,Ciudad de México,2020-04-28
2020-03-10,1.5570429139870188,1.4851659873526812,0.9885573537076674,2.2103217563102806,1.209093840709992,1.6698680897741156,Ciudad de México,2020-04-28
2020-03-11,1.58014842281188,1.5118298000235204,1.0343729230404148,2.319493594426537,1.1705496484273492,1.6230954687850871,Ciudad de México,2020-04-28
2020-03-12,1.5715925185061674,1.4870590006762083,0.9710894670379738,2.308143086483593,1.1928157855876693,1.6494687784278235,Ciudad de México,2020-04-28
2020-03-13,1.5815299283853692,1.5019228914343798,0.9404458262207454,2.305780978392818,1.151563010256503,1.6230138130631169,Ciudad de México,2020-04-28
2020-03-14,1.6076550559968839,1.5114008510649166,1.0137185417420556,2.338524860298462,1.1476133779066535,1.6237484588253266,Ciudad de México,2020-04-28
2020-03-15,1.6335807004621692,1.5375156386119984,0.9997088302386148,2.330971263318721,1.149486605238614,1.6205337074182722,Ciudad de México,2020-04-28
2020-03-16,1.6465844540668668,1.5712974881547561,1.0031658101495189,2.271216805397749,1.1649406870245929,1.6419557418501038,Ciudad de México,2020-04-28
2020-03-17,1.6726878999868477,1.5750246214529215,0.9979303542281126,2.267245150493639,1.273797482580594,1.743964137325399,Ciudad de México,2020-04-28
2020-03-18,1.6222878324594225,1.5399178260604867,1.0527762383577062,2.2297578738186083,1.166875312083072,1.603345367038402,Ciudad de México,2020-04-28
2020-03-19,1.5079852091916526,1.4403434080281152,1.008187025991679,2.0484176723005696,1.170239859713671,1.5555611512928158,Ciudad de México,2020-04-28
2020-03-20,1.4886048167208386,1.4407956076407769,0.9722289550845622,1.9935995253026353,1.1588954910743363,1.5520548904226845,Ciudad de México,2020-04-28
2020-03-21,1.5077443960057186,1.4381281541728705,1.0428744459544634,2.05119469267532,1.1591776091980996,1.5472457352446036,Ciudad de México,2020-04-28
2020-03-22,1.5484588233556067,1.4816482540799911,1.0491110969560997,2.053613315110283,1.1718744912361712,1.5740070191809017,Ciudad de México,2020-04-28
2020-03-23,1.5283470873384475,1.4654237148468119,1.0315801141217158,2.0076774478510324,1.175141443416455,1.5436381693358214,Ciudad de México,2020-04-28
2020-03-24,1.5623346083999352,1.484382805229423,1.0240995310448033,2.050114142591903,1.1873170957256556,1.5771152355244846,Ciudad de México,2020-04-28
2020-03-25,1.5224191907396012,1.4460017073068652,1.0565620498655521,1.9893384476193121,1.1706854866603367,1.5159903108525026,Ciudad de México,2020-04-28
2020-03-26,1.4753493222523069,1.4083935383310986,1.0430925937126927,1.9193437723876012,1.1565232406011883,1.4760556327058847,Ciudad de México,2020-04-28
2020-03-27,1.4075946499174414,1.3660077024445432,0.9990234263621794,1.7921980297269502,1.159091923685289,1.4621543143226843,Ciudad de México,2020-04-28
2020-03-28,1.4108160514362607,1.3645024265055423,1.0254634304058055,1.7967547873599863,1.1501627729547443,1.4593338850224922,Ciudad de México,2020-04-28
2020-03-29,1.3336730707293698,1.2952799793969993,0.9921163468112943,1.6970949611396795,1.0844298395931788,1.3519962907164915,Ciudad de México,2020-04-28
2020-03-30,1.2674949806908087,1.239688354227075,0.9074525446417582,1.6119291994539324,1.0608868695384175,1.325782929455825,Ciudad de México,2020-04-28
2020-03-31,1.3431852920093381,1.3029973382246176,0.9354412416456082,1.7249522072933972,1.129465618377926,1.3950669349621856,Ciudad de México,2020-04-28
2020-04-01,1.2790602014167236,1.2498306817329536,0.9431467792976775,1.6677492614780807,1.075875627434398,1.3236872820310237,Ciudad de México,2020-04-28
2020-04-02,1.3544575291380856,1.3035090744696145,1.010659347096365,1.744501563880328,1.1487106415112538,1.4076810940772189,Ciudad de México,2020-04-28
2020-04-03,1.1909925307656437,1.1790732056711888,0.8868904968914636,1.5241095439918535,1.088201889263255,1.3103973224990775,Ciudad de México,2020-04-28
2020-04-04,1.2528969186277508,1.2248020719067272,0.9483547981555684,1.5841966707117099,1.082669308827319,1.302951572691646,Ciudad de México,2020-04-28
2020-04-05,1.2837852267210996,1.2493654553755582,0.9547567372561122,1.6229161959387408,1.0978899210046205,1.3487900389256904,Ciudad de México,2020-04-28
2020-04-06,1.3732528109689115,1.3348352656361748,1.0220748930465309,1.7187454539862559,1.1495048627400108,1.4140152900059946,Ciudad de México,2020-04-28
2020-04-07,1.4505806312200624,1.399412615531512,1.0722493152341888,1.8676028482089164,1.1998612160663862,1.4923391135956339,Ciudad de México,2020-04-28
2020-04-08,1.3199705972526719,1.2823471328105855,1.0311613735390621,1.6707873461299498,1.14480139225623,1.3908713456553234,Ciudad de México,2020-04-28
2020-04-09,1.2983772823483481,1.2621419377461394,0.9905531537929675,1.6042968543967655,1.1196188407122825,1.3480562418672084,Ciudad de México,2020-04-28
2020-04-10,1.1864499399580384,1.1706128605038817,0.8631800694423909,1.4918460847318913,1.0490782142917243,1.2678728275704703,Ciudad de México,2020-04-28
2020-04-11,1.3834660246751924,1.3449323092112033,1.0500370187603885,1.7096669956722406,1.1502962643064978,1.4108238631021872,Ciudad de México,2020-04-28
2020-04-12,1.553392490702162,1.4878382968175323,1.109177814881041,2.0010813454532648,1.2761718893190668,1.6307920638139353,Ciudad de México,2020-04-28
2020-04-13,1.3782276189276361,1.3351781093667805,1.0570304939645474,1.7174671945924285,1.1385582398292016,1.387661500657929,Ciudad de México,2020-04-28
2020-04-14,1.2199060314254198,1.1881742674290814,0.9665507303937196,1.496787448263754,1.0572653021943268,1.2460871161767206,Ciudad de México,2020-04-28
2020-04-15,0.9286020267678009,0.9508928439112392,0.6733667676626474,1.2108365791035367,0.8702370530681437,1.0379720010170523,Ciudad de México,2020-04-28
2020-04-16,0.8637645175262193,0.8862660345714519,0.5982942624220132,1.1363245058735976,0.828493942889507,1.0228853068625963,Ciudad de México,2020-04-28
2020-04-17,0.9080930870140104,0.9349473124280998,0.6574899173952536,1.18419594601886,0.8370661931428043,1.0186767454006758,Ciudad de México,2020-04-28
2020-04-18,1.0437381373002714,1.0331807359611649,0.7952140546553622,1.3386515689542107,0.929638347998142,1.105343540595703,Ciudad de México,2020-04-28
2020-04-19,1.0195326086836416,1.0251401956517703,0.7032485354529437,1.3399717617691633,0.9091367551758708,1.1033716351385783,Ciudad de México,2020-04-28
2020-04-20,1.0620634140598881,1.0487729030543447,0.7425755712972512,1.4860406057963136,0.9200590329405905,1.1557915210881282,Ciudad de México,2020-04-28
2020-04-21,1.0419374529264294,1.0396853142005091,0.6298685705303495,1.4867832505511445,0.8647059139378992,1.1450547276421659,Ciudad de México,2020-04-28
2020-04-22,1.0327190531108725,1.0436777910253685,0.5540095807888503,1.5271859853191823,0.8265703674548902,1.156953391927479,Ciudad de México,2020-04-28
2020-04-23,1.028011842303675,1.0321367561304577,0.4764574324580051,1.6181930669633848,0.8777457155696922,1.2128493382145047,Ciudad de México,2020-04-28
2020-04-24,1.0256117576975903,1.0205975643821792,0.39557415129350193,1.7075404552269726,0.797320817973424,1.183195288339333,Ciudad de México,2020-04-28
2020-04-25,1.0270056807574912,1.0218982317599064,0.3484449186666072,1.913970503617321,0.8077610971585861,1.2299552005345604,Ciudad de México,2020-04-28
2020-04-26,1.0219302168206148,1.0368811581769513,0.07051885293322753,1.7448835147872672,0.7525167668742677,1.231521095970311,Ciudad de México,2020-04-28
2020-03-09,1.4096758110585796,1.3404936221470107,0.9959499147732119,1.8931748240733073,1.1310627384880885,1.4290928349985408,México,2020-04-28
2020-03-10,1.4179156566123692,1.3596248450052355,0.9708524200878419,1.9213211368960685,1.1211467598331781,1.4268395413962542,México,2020-04-28
2020-03-11,1.4274383439768352,1.3667924366182267,1.0280816939193624,1.9908006630974697,1.1347318455962991,1.44697362867446,México,2020-04-28
2020-03-12,1.4362357037001336,1.3707553600255573,1.0086827248758217,1.9509410615157106,1.114830101144015,1.4235437077817792,México,2020-04-28
2020-03-13,1.4443687664025653,1.3679745824245142,0.9885163526160486,1.9119646889468487,1.13148959622539,1.4394418407735798,México,2020-04-28
2020-03-14,1.4525237570662202,1.3777590003590474,1.0562093111780122,2.00166060248127,1.1294896245152146,1.4399973976047011,México,2020-04-28
2020-03-15,1.4581499226621633,1.3858702754566625,1.0187359129900586,1.9570217845205078,1.1350031646799634,1.4606097108505725,México,2020-04-28
2020-03-16,1.454168899057351,1.3855435926332862,0.98891993449536,1.9240906216721019,1.1429261581135988,1.4654922659362484,México,2020-04-28
2020-03-17,1.4334206742381839,1.37179425394375,1.0243634697830373,1.9173529220205652,1.1314104096066864,1.4429784836423825,México,2020-04-28
2020-03-18,1.4000000635530092,1.3471660026294199,0.9727018920492948,1.8095130870762108,1.147660140316966,1.4426368425862288,México,2020-04-28
2020-03-19,1.376063728469971,1.3343522468383708,0.9758479475506351,1.852858399813146,1.1459854844178465,1.443286627099733,México,2020-04-28
2020-03-20,1.3417994734520113,1.3022651286761722,0.9225922708054577,1.738090952710342,1.1107292920973675,1.3984525313039353,México,2020-04-28
2020-03-21,1.3269151262798775,1.2942663921089406,0.9328625588114103,1.7413410220046368,1.0901189652890992,1.3712904588780117,México,2020-04-28
2020-03-22,1.3140593508473815,1.2860118340987408,0.9457514386679243,1.7361068011070062,1.1044451849078707,1.3833857421177096,México,2020-04-28
2020-03-23,1.3287104630444018,1.297443684433117,0.97833769399916,1.73749697216207,1.1180673269217978,1.4045721203769617,México,2020-04-28
2020-03-24,1.349886275348747,1.3099809975175358,0.9927514694319014,1.7550545301621012,1.1106994540065311,1.3859388047806824,México,2020-04-28
2020-03-25,1.3805291005448856,1.3408555800031732,1.0053408356632756,1.784538187981815,1.1263580925299321,1.4075475186631807,México,2020-04-28
2020-03-26,1.402517957239163,1.3413137814315292,1.032028114717206,1.8604781235595096,1.1238726477663028,1.4162691991341472,México,2020-04-28
2020-03-27,1.4032157861718297,1.3486206510987357,1.0486329004257628,1.847231357703138,1.1077729419714357,1.3979803563762103,México,2020-04-28
2020-03-28,1.3725452490913508,1.3302147127152457,1.0552363257560753,1.7674632116101838,1.1186907558613732,1.385713893305476,México,2020-04-28
2020-03-29,1.334318647861402,1.2892098362941256,0.9681268739114426,1.7065939172543425,1.1024141033050594,1.357313927904107,México,2020-04-28
2020-03-30,1.2993003880395744,1.2656924676211885,0.9974857992707439,1.6855621098667541,1.0709759345560872,1.3277820828634366,México,2020-04-28
2020-03-31,1.2733539189154182,1.2438668156479804,0.9382395811567393,1.637935871230187,1.0690488199366603,1.3261560636265988,México,2020-04-28
2020-04-01,1.23642175174284,1.2145315510383723,0.8848851108136813,1.605074411823664,1.0789881345565377,1.345277211972053,México,2020-04-28
2020-04-02,1.2377598918099333,1.2197925175217366,0.9084018452253054,1.6461944490338607,1.0884727353181731,1.3487878329640897,México,2020-04-28
2020-04-03,1.2434286481123273,1.2205523237012716,0.9043372071708665,1.592878046675733,1.0782938515947447,1.3266670381507764,México,2020-04-28
2020-04-04,1.264704721900585,1.240370167063828,0.9657849115829562,1.610676639589669,1.0825538304636824,1.3253100225258831,México,2020-04-28
2020-04-05,1.2827384456810917,1.2473425671730176,0.9413772249147739,1.6112098113143982,1.101096260052891,1.3361287741063812,México,2020-04-28
2020-04-06,1.293371677354753,1.25696634574952,0.9838233215382466,1.6336889114467508,1.1102498711850306,1.3484859949279964,México,2020-04-28
2020-04-07,1.3167429272476936,1.27949270677998,1.0099453084382972,1.6645564834549742,1.13799493432642,1.3804331233355147,México,2020-04-28
2020-04-08,1.3232711597484854,1.2940101568151028,1.0204381517778112,1.6380399970345352,1.1338080791469207,1.3666904319101587,México,2020-04-28
2020-04-09,1.3767456730102834,1.3359482953932034,1.0467099802100461,1.7210138188722957,1.1199933100227206,1.3687047607792322,México,2020-04-28
2020-04-10,1.3785380281543909,1.336483135896688,1.0447598209766022,1.7026127686764128,1.1470427978666322,1.4003220615834142,México,2020-04-28
2020-04-11,1.4207504449766812,1.3715443771191418,1.0824013520206721,1.7873691793985949,1.1434182776509463,1.4162849817205998,México,2020-04-28
2020-04-12,1.3995026161137178,1.3627051348566557,1.075138180859488,1.7552986428780695,1.1902412607539026,1.4459740498131841,México,2020-04-28
2020-04-13,1.364642725920273,1.3232320652000906,1.0753078309129416,1.6965105264618312,1.1383824708422632,1.3738219938197498,México,2020-04-28
2020-04-14,1.3367884602008258,1.2959853460340232,1.057705013358735,1.656369426694364,1.116792654403741,1.338058021024435,México,2020-04-28
2020-04-15,1.246097508268781,1.2239419501813362,0.9967406923560878,1.569862946751939,1.08366545244217,1.284902770396264,México,2020-04-28
2020-04-16,1.208072429212994,1.1921764429609747,0.9241159059728091,1.5466995030540245,1.0560709103704091,1.2610755622374397,México,2020-04-28
2020-04-17,1.2053364649634009,1.1942197207765304,0.925274888457895,1.5454441212830574,1.0572169587366302,1.2721852191134182,México,2020-04-28
2020-04-18,1.2557504808610982,1.2278579654623587,0.9628026701776217,1.5733990593759635,1.088823263728397,1.3130256918610785,México,2020-04-28
2020-04-19,1.234377694734488,1.2162113924507216,0.8845681496807875,1.585011506931503,1.0883572129350316,1.3302158450851194,México,2020-04-28
2020-04-20,1.248092496214074,1.2185728536760585,0.8829270768232409,1.6078965069539666,1.0745576252370526,1.3348334734362517,México,2020-04-28
2020-04-21,1.238183233832771,1.2134204440368528,0.8667891345077083,1.6207233742379865,1.0519937874682725,1.316097098523745,México,2020-04-28
2020-04-22,1.2447250912068062,1.2227600985886065,0.8294922379826534,1.7046918103987425,1.0712685568214817,1.352652258305556,México,2020-04-28
2020-04-23,1.2447135975491388,1.2229247494762476,0.7831438935552375,1.697781320862399,1.0364394471955214,1.3487448621947031,México,2020-04-28
2020-04-24,1.2503653168798587,1.2260281938935411,0.7253047373109784,1.7745731321632818,1.0597326349205756,1.3791604976211294,México,2020-04-28
2020-04-25,1.256952875821343,1.2290544402742771,0.6894104058524694,1.8167069758758656,0.9962283373394639,1.34269256728453,México,2020-04-28
2020-04-26,1.2524864746041149,1.2204328765486845,0.659964763253292,1.7981241617825359,1.0728871596091174,1.425949578483434,México,2020-04-28
2020-03-09,1.3232139664692557,1.2791812670720069,0.9080800764722599,1.780993492008071,1.0876518773335855,1.3906949797093293,Puebla,2020-04-28
2020-03-10,1.3238659616192054,1.2814746673258097,0.904803151147886,1.7946548919167067,1.0905149226402455,1.3927184215087152,Puebla,2020-04-28
2020-03-11,1.3216700738226164,1.2775464408617085,0.8993106552516871,1.7709838911902411,1.079404495749971,1.3847529494178383,Puebla,2020-04-28
2020-03-12,1.3217912192872276,1.27591831788888,0.8893806204354414,1.7741113277528342,1.0844034274781276,1.3880502086191233,Puebla,2020-04-28
2020-03-13,1.3162492351464987,1.2656186108555705,0.9321735608816695,1.7948947862649152,1.0998079291047582,1.3975953272499666,Puebla,2020-04-28
2020-03-14,1.3169264439078172,1.2703367586584349,0.8965588665256841,1.7489888575827763,1.0793563669445674,1.3734155477079162,Puebla,2020-04-28
2020-03-15,1.3103654575047061,1.2634152766156785,0.8626339171037593,1.72095185163902,1.087499862765966,1.368036946400187,Puebla,2020-04-28
2020-03-16,1.304886424965466,1.261568099322002,0.9108760729791725,1.7264859524281568,1.1097916476023102,1.3891633974497524,Puebla,2020-04-28
2020-03-17,1.2954577933983453,1.2455733529737207,0.8895010088545572,1.6858598403967768,1.099531919824676,1.3769326827005972,Puebla,2020-04-28
2020-03-18,1.2895376083984076,1.2465013389075628,0.8687946007022435,1.6503522811432585,1.0880223476520292,1.3780510793415546,Puebla,2020-04-28
2020-03-19,1.287597187304097,1.2519170084687374,0.9258382757484478,1.7044403731175455,1.041637942422721,1.3357037601236974,Puebla,2020-04-28
2020-03-20,1.278254772097737,1.2512464570924182,0.8738196824789103,1.6466441858670182,1.0733963584804145,1.353724518859659,Puebla,2020-04-28
2020-03-21,1.268231878599241,1.244186856650172,0.8943639274084219,1.650821869689337,1.0785439024495997,1.355118390945479,Puebla,2020-04-28
2020-03-22,1.2672644215081559,1.2375076161172114,0.8800033705631161,1.638831389529152,1.0725604555120911,1.3444458175734857,Puebla,2020-04-28
2020-03-23,1.2572267932154195,1.2281578023530402,0.882305313473329,1.6281428732295549,1.0464160897796897,1.3164060276677179,Puebla,2020-04-28
2020-03-24,1.2554470559297632,1.2261878464576705,0.894144576427482,1.6490450038671935,1.041412399126356,1.3075577498442656,Puebla,2020-04-28
2020-03-25,1.251160306019686,1.2197173551763636,0.8677783470696916,1.5911048942545691,1.0796461313788472,1.3479992095891586,Puebla,2020-04-28
2020-03-26,1.246490764379996,1.2152080272294812,0.8931355715996008,1.6290160228822284,1.0368838418673787,1.3054151221870478,Puebla,2020-04-28
2020-03-27,1.2409494469470976,1.2127663305465524,0.8701667502426537,1.6309362876810645,1.075051496387827,1.3342977203723354,Puebla,2020-04-28
2020-03-28,1.2288092884761976,1.2109708183263026,0.857929667640329,1.612529341568563,1.0521220188846838,1.305803992520149,Puebla,2020-04-28
2020-03-29,1.2172557676275153,1.20886248525615,0.8555133482348057,1.582088255011587,1.0573359558052169,1.319052346864291,Puebla,2020-04-28
2020-03-30,1.2146786248819867,1.2073647671543903,0.8493341119533069,1.587654485037457,1.068356209528101,1.322545287337617,Puebla,2020-04-28
2020-03-31,1.207867648045016,1.1966987262083055,0.8373883147146443,1.581092107252449,1.0362686453761565,1.2875506779410664,Puebla,2020-04-28
2020-04-01,1.2078024654711326,1.1935596807027538,0.8808750925232013,1.6140647533521018,1.0433464956141751,1.2962881964451063,Puebla,2020-04-28
2020-04-02,1.2007897831784802,1.1851751469939953,0.8784218369270983,1.6025015337589708,1.0335553883812296,1.2890570611336052,Puebla,2020-04-28
2020-04-03,1.1974725096611047,1.180291136723705,0.8560426379318344,1.5760882067123505,1.0128245345458162,1.2670669506043528,Puebla,2020-04-28
2020-04-04,1.1943832152899423,1.1859383095772396,0.8121273883737492,1.537346951379366,1.0244528632539922,1.2748056122436897,Puebla,2020-04-28
2020-04-05,1.1987601382715842,1.1847148760031183,0.8416941378473751,1.5525609978331982,1.0151344055538243,1.2657844309062571,Puebla,2020-04-28
2020-04-06,1.2015185434879094,1.1903789968211655,0.8577473744763715,1.5638806976212656,1.0108537922769043,1.2607574968325292,Puebla,2020-04-28
2020-04-07,1.2063481275901577,1.1889711246349524,0.8459304364207929,1.5799738715448715,1.0505053104558564,1.2893455030071674,Puebla,2020-04-28
2020-04-08,1.2110486033362122,1.1917148287540624,0.8427996656015057,1.5510994677194276,1.0413589474372529,1.2776289970437373,Puebla,2020-04-28
2020-04-09,1.2200082644867156,1.1984802923954945,0.8883959426239629,1.6338077951363745,1.056471258093221,1.3009445704510634,Puebla,2020-04-28
2020-04-10,1.223430842560127,1.2014836781326041,0.866526811810217,1.5788892400849077,1.073992769216208,1.3231756137432575,Puebla,2020-04-28
2020-04-11,1.232961233549599,1.2104070111103131,0.8425743765159043,1.5700584254494265,1.066491893308491,1.3221108226927911,Puebla,2020-04-28
2020-04-12,1.2364377147243992,1.2112792003537685,0.8729595692200339,1.5790260667302214,1.0964733699895617,1.3499720923318326,Puebla,2020-04-28
2020-04-13,1.2449906354184241,1.2204743381984646,0.8503164264189258,1.5733615812097876,1.0704453996977,1.32533977921092,Puebla,2020-04-28
2020-04-14,1.24288441062988,1.2157345984873684,0.8816986255807592,1.579158705402608,1.1168245628103097,1.3601058941214954,Puebla,2020-04-28
2020-04-15,1.2375659714491916,1.2170020320724406,0.893621710700737,1.6063599734369958,1.0799679722252948,1.334163173509073,Puebla,2020-04-28
2020-04-16,1.2331669657232025,1.2041189863888566,0.8682661926829006,1.579307776556142,1.113205230762059,1.3711220941788695,Puebla,2020-04-28
2020-04-17,1.2305700374119632,1.2048515060913232,0.8611881037424645,1.5764520759741079,1.0769829138386775,1.3363557251879437,Puebla,2020-04-28
2020-04-18,1.2217708000604233,1.2035573956700156,0.8368236760997586,1.5879823135770004,1.0829604188675201,1.3378217857482286,Puebla,2020-04-28
2020-04-19,1.217361090373858,1.2050789583920758,0.852729879736217,1.6252436055045836,1.0250261327893908,1.2908320653417298,Puebla,2020-04-28
2020-04-20,1.213977236765057,1.2000725608702292,0.8252052771136571,1.6447689264392518,1.0427993376140983,1.307367675507522,Puebla,2020-04-28
2020-04-21,1.2170293445307634,1.1965023061818842,0.7600234493883641,1.599294671844601,1.0556137155078158,1.3297890443618172,Puebla,2020-04-28
2020-04-22,1.2172048299831375,1.1994237662729028,0.8215314651473921,1.7128194557835266,1.0422209625556476,1.3340292533492095,Puebla,2020-04-28
2020-04-23,1.2139881587497865,1.193682933740952,0.776297442404895,1.698625419542546,1.01501634047465,1.3023421495456406,Puebla,2020-04-28
2020-04-24,1.2102287761457764,1.1933804192999062,0.7742662057861553,1.7042821130158479,1.0420238036417226,1.3348895666734686,Puebla,2020-04-28
2020-04-25,1.2094238903573569,1.1912276691521941,0.7456495419254094,1.7458167360141927,1.0407734284495813,1.3423424179233028,Puebla,2020-04-28
2020-04-26,1.2088427929008096,1.1915414381169112,0.735474692421031,1.807740996388208,1.0326242553053733,1.3430161510326326,Puebla,2020-04-28
2020-03-09,1.3261537084683996,1.2709015441281446,0.8906130006487801,1.776969994017445,1.0376376699041774,1.3429808913176116,Quintana Roo,2020-04-28
2020-03-10,1.3227254818614316,1.271270568253212,0.9068681165562573,1.7795666676019302,1.0759132779554996,1.3773052359193008,Quintana Roo,2020-04-28
2020-03-11,1.3191444583281635,1.2719386629752378,0.8879864025542868,1.7525337398207659,1.0410119609716513,1.345111124146514,Quintana Roo,2020-04-28
2020-03-12,1.3221492000338722,1.272285983806916,0.9161662437272546,1.7665816612170493,1.0428698662174865,1.3467286244192225,Quintana Roo,2020-04-28
2020-03-13,1.3213632033599356,1.2643019138633524,0.9183928215673927,1.7410942116875805,1.0635889214490688,1.3599207373146296,Quintana Roo,2020-04-28
2020-03-14,1.321699868953693,1.2648759549101927,0.9105815955444316,1.733476037232618,1.0636475645950993,1.3618405093645352,Quintana Roo,2020-04-28
2020-03-15,1.3224797895955682,1.2671003849321663,0.9382573718765403,1.7707652190072476,1.0722016079725771,1.3665948047768361,Quintana Roo,2020-04-28
2020-03-16,1.3209779381967557,1.2652753400113754,0.9602952407110773,1.768527124480564,1.0678680776697194,1.3617425154073572,Quintana Roo,2020-04-28
2020-03-17,1.3154074778237466,1.2673493246488272,0.9300143139864235,1.7328467517787098,1.0383208336017655,1.332006275083539,Quintana Roo,2020-04-28
2020-03-18,1.3176691124472915,1.2678110524765704,0.9520040084845638,1.7465271237127211,1.0680647821986082,1.3611999885970227,Quintana Roo,2020-04-28
2020-03-19,1.313403954539084,1.2669347633964607,0.953129597550278,1.7411118978224405,1.0617449865869595,1.3499505901128994,Quintana Roo,2020-04-28
2020-03-20,1.3102358198394224,1.2670359244397669,0.928358821767452,1.711145078709309,1.081508722081281,1.3732690356530057,Quintana Roo,2020-04-28
2020-03-21,1.310677186657958,1.27434857996105,0.9730741156070682,1.754913957289356,1.0752596878971454,1.3559561760040773,Quintana Roo,2020-04-28
2020-03-22,1.3087082804200862,1.2719648892665385,0.9425887077203114,1.711770058739357,1.0450005595369989,1.3246985547707701,Quintana Roo,2020-04-28
2020-03-23,1.3067991813976303,1.2670924185195167,0.9724351805927961,1.7420559982577186,1.1195431625156218,1.3936605133424589,Quintana Roo,2020-04-28
2020-03-24,1.3064861148393616,1.2695792932038255,0.9616295980827996,1.682131901185507,1.1032713538955239,1.3690218623127637,Quintana Roo,2020-04-28
2020-03-25,1.3055024400167095,1.2693766480810624,0.9673542792640045,1.6891900175192018,1.1014518123468433,1.3685128544646423,Quintana Roo,2020-04-28
2020-03-26,1.2975034887512447,1.263007340838369,0.9466436375347895,1.672347909472469,1.0887665265940345,1.3524977875154263,Quintana Roo,2020-04-28
2020-03-27,1.292913250727821,1.2573652806672106,0.9585099799031743,1.6982176535225,1.0784737535352227,1.34392657232032,Quintana Roo,2020-04-28
2020-03-28,1.2863411757966252,1.2549404643148607,0.9700254548563453,1.6806948034485412,1.0918449054426789,1.3481247733333075,Quintana Roo,2020-04-28
2020-03-29,1.2826797414649986,1.2473781604488292,0.9778570799110258,1.680511336171139,1.0885808124268188,1.3385998063138698,Quintana Roo,2020-04-28
2020-03-30,1.2792645847324773,1.2421494575642225,0.9493658543752944,1.6635882137998734,1.1039484748075659,1.3580094165765981,Quintana Roo,2020-04-28
2020-03-31,1.2739085736972913,1.2338795481999365,0.9369447691514231,1.6430114195631966,1.0901645524249717,1.341388057300092,Quintana Roo,2020-04-28
2020-04-01,1.2709906259255896,1.2345138493975976,0.8983436345909065,1.616924265099817,1.0969200652224902,1.3531542420763423,Quintana Roo,2020-04-28
2020-04-02,1.260099745030174,1.2206723254278926,0.9104475877687916,1.6174645282064337,1.0878228758931683,1.3457331860167017,Quintana Roo,2020-04-28
2020-04-03,1.2580474529517427,1.2233909152138236,0.9463930962169849,1.654687283919877,1.0301489321701218,1.2845724704951542,Quintana Roo,2020-04-28
2020-04-04,1.2586689649318519,1.2194376790712227,0.9302499155992576,1.6217970569154099,1.0525246531932606,1.2960228076485991,Quintana Roo,2020-04-28
2020-04-05,1.2694308815899515,1.235601187707449,0.9537955014642426,1.618719681496653,1.0800670566222408,1.3270228791298384,Quintana Roo,2020-04-28
2020-04-06,1.2719065506732103,1.23444254897203,0.9405805490719902,1.609603828697428,1.0679409539433298,1.3197631658460511,Quintana Roo,2020-04-28
2020-04-07,1.278712497932114,1.2356302235952898,0.9738972731831598,1.6445490325114211,1.1108942566105802,1.3630087176505834,Quintana Roo,2020-04-28
2020-04-08,1.287667244638799,1.2362942511631378,0.970780242818685,1.643839880315181,1.0610550884628078,1.3178543788758212,Quintana Roo,2020-04-28
2020-04-09,1.2919874019012525,1.245027655088797,0.9884868922272692,1.6767321917721858,1.0598208040309587,1.3206160544926462,Quintana Roo,2020-04-28
2020-04-10,1.2952445617595738,1.242101287286813,0.9670729326559937,1.6710548922123487,1.0385340663725897,1.293791344326,Quintana Roo,2020-04-28
2020-04-11,1.2908105785079105,1.2412306712632275,0.9628932021919533,1.6801893009271023,1.0872267118394559,1.3458279516322935,Quintana Roo,2020-04-28
2020-04-12,1.293114665256401,1.2454770188443764,0.962488256784673,1.6627703697725795,1.0643661559306394,1.3176959379108661,Quintana Roo,2020-04-28
2020-04-13,1.2885540207615982,1.2442808266784624,0.9760248442419676,1.67740736903557,1.0656899073533468,1.3217624814812914,Quintana Roo,2020-04-28
2020-04-14,1.2876084216825896,1.2420554638264294,0.8974278731383384,1.6267012911809873,1.028153488700497,1.2926304500832078,Quintana Roo,2020-04-28
2020-04-15,1.2825551417724859,1.2406539661174303,0.9517830120459632,1.6820400712074848,1.0271145278801594,1.2976747984129138,Quintana Roo,2020-04-28
2020-04-16,1.2879826181914797,1.2375139660461525,0.955695113969686,1.6836955786380017,1.0191962447703882,1.290815896279608,Quintana Roo,2020-04-28
2020-04-17,1.2813702147751027,1.238077391215013,0.9637053152649089,1.7182672664974323,1.0307356311655387,1.2972071252223178,Quintana Roo,2020-04-28
2020-04-18,1.2749076158292463,1.2306555915699913,0.9479840934878442,1.6707763270939602,1.0182863154303152,1.2899685956667923,Quintana Roo,2020-04-28
2020-04-19,1.2693442544740388,1.2290128947734706,0.9485204875297174,1.6877613594396197,1.0308596707167104,1.3038164600038449,Quintana Roo,2020-04-28
2020-04-20,1.2681155759761933,1.2204601681804172,0.9082726562909218,1.6873912447692585,1.022634838924976,1.2950886428828332,Quintana Roo,2020-04-28
2020-04-21,1.2660897476736857,1.2193060223040735,0.9283881439020056,1.7482284250756408,1.0070392517709863,1.2772009072746562,Quintana Roo,2020-04-28
2020-04-22,1.268342680285388,1.2248099671948958,0.8495930988814119,1.7317316645247265,1.0190337348020297,1.3009916783607118,Quintana Roo,2020-04-28
2020-04-23,1.2649117180233316,1.2124779574126265,0.8947122607247234,1.7521760626520988,1.0074225370195546,1.2984560257060918,Quintana Roo,2020-04-28
2020-04-24,1.2642905718442332,1.2211564976619518,0.8583789589968803,1.7319747963980603,1.0181435760819935,1.3066946970438555,Quintana Roo,2020-04-28
2020-04-25,1.2670655961723993,1.2210727910467878,0.8192818481101074,1.7288064079863787,0.9961638678770744,1.299077195948633,Quintana Roo,2020-04-28
2020-04-26,1.2686127790465098,1.218763261870745,0.782506548081537,1.7273578433485661,1.0083481163967922,1.3100093933174273,Quintana Roo,2020-04-28
2020-03-09,1.3522508707901233,1.2996980975304169,0.8866792727479509,1.8349339377956333,1.0618151490837804,1.3913614257552396,Sinaloa,2020-04-28
2020-03-10,1.3523816629964545,1.2888567134993543,0.8817766148055708,1.871668749902576,1.0483277962573927,1.3744044588579682,Sinaloa,2020-04-28
2020-03-11,1.3542259178500042,1.2846009424102278,0.8712921701300643,1.874217643437886,1.0530745608367162,1.3785386174008825,Sinaloa,2020-04-28
2020-03-12,1.359425458808306,1.2921706456543922,0.811051632457777,1.8581603580304005,1.0519396716184406,1.3770251601902486,Sinaloa,2020-04-28
2020-03-13,1.3608367738726308,1.291941254612921,0.9167966103634085,1.8957542250399324,1.059541802079232,1.377319698388073,Sinaloa,2020-04-28
2020-03-14,1.3616668283780664,1.2999622355943228,0.8933781312775712,1.9124460562370238,1.050804614340741,1.3793465323439598,Sinaloa,2020-04-28
2020-03-15,1.3632564276066372,1.3035442584753922,0.8904887800110965,1.8481849619321657,1.1043345965645586,1.4373643119318436,Sinaloa,2020-04-28
2020-03-16,1.366787885854992,1.2948608743999834,0.9151105711831378,1.8908858547601093,1.0708605996033977,1.4033021463463842,Sinaloa,2020-04-28
2020-03-17,1.365437350735063,1.298195545549866,0.8969917316803631,1.887121702995925,1.0957700188305153,1.4300415530311732,Sinaloa,2020-04-28
2020-03-18,1.3662202663274106,1.2979646499619957,0.8887177463647583,1.8706144640746718,1.0744318778931878,1.4081576896359294,Sinaloa,2020-04-28
2020-03-19,1.3641278230199805,1.2978631955879085,0.8882473695204316,1.8564123844990459,1.0588482260421552,1.3871314588267813,Sinaloa,2020-04-28
2020-03-20,1.359042839508123,1.300195320868523,0.8917739280260981,1.8663664444240502,1.0730327734892426,1.4070959444639894,Sinaloa,2020-04-28
2020-03-21,1.3560443228471977,1.3012578228375906,0.8553280156574412,1.7941393900636138,1.0347286986614068,1.377816792897678,Sinaloa,2020-04-28
2020-03-22,1.3510234932815863,1.2954913851794116,0.8854805324354681,1.7987592009846975,1.0958892130277427,1.4321961914809307,Sinaloa,2020-04-28
2020-03-23,1.3472213610691304,1.2878594462911916,0.9336358040790477,1.8198855477155773,1.049164196806387,1.3693734461611138,Sinaloa,2020-04-28
2020-03-24,1.337507775024633,1.285077955187277,0.9362607716213067,1.798086354147887,1.0393051332404288,1.353941464412608,Sinaloa,2020-04-28
2020-03-25,1.329691656362487,1.2795680513443606,0.9317133281718387,1.75559267281994,1.04063403234498,1.3500132274633325,Sinaloa,2020-04-28
2020-03-26,1.3142203947648567,1.2676946728177647,0.921366715073966,1.7290191297374262,1.0653887601810437,1.3697831176320443,Sinaloa,2020-04-28
2020-03-27,1.3035259703972764,1.2577910699722703,0.9091426095976116,1.7232079323176719,1.0610507001277023,1.345680737283336,Sinaloa,2020-04-28
2020-03-28,1.2973408415658796,1.2547813023335237,0.9266089549966215,1.6940241235578184,1.0555887122950711,1.3325980751109812,Sinaloa,2020-04-28
2020-03-29,1.2894693432221755,1.2401886355090292,0.9170800505405265,1.6789332804872226,1.049064210395578,1.3321689271782209,Sinaloa,2020-04-28
2020-03-30,1.287304175653241,1.243959222080917,0.9287820712187629,1.6707789006125318,1.0559601371050424,1.3218922688043906,Sinaloa,2020-04-28
2020-03-31,1.2793644057692435,1.229014444023646,0.9311521723675109,1.680307568909079,1.0565064605174113,1.315883095433916,Sinaloa,2020-04-28
2020-04-01,1.2579705625914586,1.2139737984099064,0.9304542304392117,1.6399261697027483,1.0627088359549335,1.32873169510209,Sinaloa,2020-04-28
2020-04-02,1.236862159491976,1.200393990050721,0.9263602339014039,1.6051698295267347,1.0461120314958838,1.3072502193902162,Sinaloa,2020-04-28
2020-04-03,1.2317441848221602,1.1858248451775468,0.8998133144254878,1.5730909740140495,1.008891216763229,1.2569452547592785,Sinaloa,2020-04-28
2020-04-04,1.231772319049571,1.1855709837880752,0.9261641681496036,1.6090251389926613,1.0348001567501905,1.2772050537496789,Sinaloa,2020-04-28
2020-04-05,1.2300064691652797,1.1911692917427463,0.896969888590483,1.5458942090831085,1.0283059340629725,1.2675196500628279,Sinaloa,2020-04-28
2020-04-06,1.2242859249113536,1.1867509926469793,0.8945870061139203,1.5813191280188663,1.0323537370724472,1.2661685285981956,Sinaloa,2020-04-28
2020-04-07,1.207055361300509,1.1696027680805936,0.8682138192100821,1.5054359336928775,1.034619004881286,1.254992482600391,Sinaloa,2020-04-28
2020-04-08,1.1824260504984943,1.151075401656956,0.8580975935679164,1.4907000442273406,1.0151850510990001,1.2361050043128874,Sinaloa,2020-04-28
2020-04-09,1.1641261951616777,1.1299584172456503,0.8506439955613174,1.4646947316879049,1.012035369797853,1.2228662135427495,Sinaloa,2020-04-28
2020-04-10,1.1433478520840015,1.1130732843911542,0.8594529911566591,1.4669286708122111,1.003669469282166,1.2119765499623394,Sinaloa,2020-04-28
2020-04-11,1.1291420999332975,1.105092143784658,0.7990642907037281,1.428420567339926,0.9806242124066357,1.1899496836055163,Sinaloa,2020-04-28
2020-04-12,1.1244509513272947,1.105143305256449,0.7996002929200807,1.4441194904787302,0.9807915047441786,1.2005862270848642,Sinaloa,2020-04-28
2020-04-13,1.0969116995122479,1.0827971795282894,0.7574702898830599,1.4256421445093297,0.9329078090354349,1.1616686933812905,Sinaloa,2020-04-28
2020-04-14,1.0741813421940105,1.0720095746135037,0.7097762992217952,1.4042287705574816,0.9340662583680838,1.1608562039877521,Sinaloa,2020-04-28
2020-04-15,1.0407187369016628,1.0483168984415423,0.6399203757972368,1.3607794478213386,0.9389433385927903,1.1764766187206865,Sinaloa,2020-04-28
2020-04-16,1.0265495355277852,1.035064211553602,0.6480036877509976,1.3899397463556231,0.93312388283958,1.172233403228917,Sinaloa,2020-04-28
2020-04-17,1.0029212039314745,1.0129579331104437,0.5806858743423748,1.3780477983747632,0.9195305130254416,1.186293423670055,Sinaloa,2020-04-28
2020-04-18,0.9865844275009867,1.0132200778500842,0.5670239706428678,1.429833581971565,0.8942634167764858,1.1718273549171603,Sinaloa,2020-04-28
2020-04-19,0.9888476969413358,1.0110025351892364,0.5526489238000984,1.4258592127767198,0.9302192613126955,1.2270112133166315,Sinaloa,2020-04-28
2020-04-20,0.9861393539076719,1.0097559827792253,0.5698208560223907,1.5074301723259629,0.8556028738905133,1.1578851855824468,Sinaloa,2020-04-28
2020-04-21,0.9840411105227025,1.01111100653732,0.48045796853189937,1.4719553349225611,0.8456349185187928,1.158677049387142,Sinaloa,2020-04-28
2020-04-22,0.9859439289189202,1.0185932701425036,0.5252919353137574,1.5175158089553233,0.9217318764328348,1.2275045630092165,Sinaloa,2020-04-28
2020-04-23,0.9836179832911618,1.0212247741122384,0.46934926025197593,1.5240027490126185,0.9004927743214455,1.2139867414876804,Sinaloa,2020-04-28
2020-04-24,0.982318575223805,1.0158820200936831,0.5075654483304924,1.569210434433776,0.8752627717369346,1.1916113580177692,Sinaloa,2020-04-28
2020-04-25,0.9812905324716706,1.014235589882731,0.4280694698154276,1.5452773824834465,0.8852158998421151,1.2176900018125225,Sinaloa,2020-04-28
2020-04-26,0.9843787669178193,1.0196291108047058,0.400524592883098,1.5618084550932734,0.8762505105360544,1.217124085458484,Sinaloa,2020-04-28
2020-03-09,1.3612494154927948,1.3065419344502995,0.9683090943033391,1.8477948842626226,1.0818444786878034,1.3626524871565138,Tabasco,2020-04-28
2020-03-10,1.3572942849097662,1.3091185457880672,0.94304760360257,1.8394900963018206,1.0976033161052632,1.383610676132902,Tabasco,2020-04-28
2020-03-11,1.3585855570799885,1.3026134012734547,0.9334582136654364,1.830307253538353,1.0979180879253119,1.3824766889589863,Tabasco,2020-04-28
2020-03-12,1.3578593628531193,1.308335098707362,0.9330137748390621,1.8111188869844213,1.0855567350393218,1.3733787511279558,Tabasco,2020-04-28
2020-03-13,1.3602671741411656,1.3038499981578804,0.9122333297108594,1.7987615567809137,1.1147935805599218,1.3858068142473974,Tabasco,2020-04-28
2020-03-14,1.3589655834540053,1.31339814107624,0.9329835221797398,1.8239313182821937,1.1149878755566875,1.3941925732220046,Tabasco,2020-04-28
2020-03-15,1.3583585554099982,1.3079366620373392,0.9324298416882021,1.808293889144686,1.1231744499704666,1.4011854812907039,Tabasco,2020-04-28
2020-03-16,1.3605394559042352,1.3085124471638612,0.9685547557538268,1.8500617271689517,1.1283146587928448,1.4044050483291168,Tabasco,2020-04-28
2020-03-17,1.3558393057960278,1.3053337308777235,0.9314344441172155,1.8181909456785996,1.1199619434940875,1.3918475597165583,Tabasco,2020-04-28
2020-03-18,1.3553234383779897,1.302804427077303,0.9311351372576453,1.8275742993359831,1.130541099934165,1.4068738870949362,Tabasco,2020-04-28
2020-03-19,1.3480365209939924,1.3008484908727698,0.9125612575128677,1.7784926085400659,1.1119533020934635,1.376542835086574,Tabasco,2020-04-28
2020-03-20,1.3429672451897992,1.2967699705463442,0.938590552291359,1.7916429366665196,1.1198035367089547,1.3863453713146385,Tabasco,2020-04-28
2020-03-21,1.3406406394360124,1.299762311929601,0.9338149819415251,1.802187140543607,1.1262083359349695,1.4025729789024464,Tabasco,2020-04-28
2020-03-22,1.336995042347795,1.2933325821450963,0.9542404584816109,1.8091290950250805,1.1163549184916608,1.3886473516641025,Tabasco,2020-04-28
2020-03-23,1.3350785806604824,1.2949115862569434,0.8949863086184332,1.7537981657788795,1.1343841020054868,1.3993504349926922,Tabasco,2020-04-28
2020-03-24,1.3300842172571317,1.2974881902508069,0.9243900276701092,1.7572770865935794,1.1295590397655166,1.386464223893878,Tabasco,2020-04-28
2020-03-25,1.32998274617752,1.2984693310849225,0.9664107764787311,1.761060015425356,1.113879529093972,1.363007376638694,Tabasco,2020-04-28
2020-03-26,1.3246127638305978,1.2926418420304966,0.9675391195664017,1.730589454543419,1.1183436306943204,1.3709057016588209,Tabasco,2020-04-28
2020-03-27,1.324257139458139,1.2957330709795674,0.9589755934028085,1.7186278391182108,1.1311574085779232,1.3833526915591747,Tabasco,2020-04-28
2020-03-28,1.3256708848271845,1.2909873263108618,0.9125394031224895,1.686733238383719,1.115137144063288,1.3700340338446044,Tabasco,2020-04-28
2020-03-29,1.3346893147850227,1.2979266248338797,0.9321854716058805,1.6873341022499306,1.1234475480087678,1.380426307014113,Tabasco,2020-04-28
2020-03-30,1.3430177892529227,1.298095916529343,0.9698939783563008,1.7263839664942844,1.107397290944532,1.371807595355594,Tabasco,2020-04-28
2020-03-31,1.355856856613104,1.312723532970086,0.9968724756914962,1.7506583818468813,1.1141817513362855,1.380804432423068,Tabasco,2020-04-28
2020-04-01,1.3575893312477414,1.3120245999635096,1.0071867027876544,1.7296973948397178,1.1218779119495141,1.3890180573791622,Tabasco,2020-04-28
2020-04-02,1.3665475912616487,1.3152867121229455,1.023526839759636,1.7652412280595864,1.1475680796567835,1.4139089635730786,Tabasco,2020-04-28
2020-04-03,1.3674975861056957,1.3140531836568647,1.0101558458122266,1.7314578381330081,1.1184617930021867,1.3818565060521828,Tabasco,2020-04-28
2020-04-04,1.371225422787177,1.3254263691621448,1.0417792930913623,1.7453731728611521,1.1366750511758799,1.4068027452811247,Tabasco,2020-04-28
2020-04-05,1.3651181977813578,1.3157552786391695,1.0292156230472078,1.71767149273632,1.141144677064126,1.405479910543893,Tabasco,2020-04-28
2020-04-06,1.3670959135727312,1.3150353304768512,1.0420173322469495,1.7334445356185917,1.1117061750537374,1.374340068994563,Tabasco,2020-04-28
2020-04-07,1.3696638340920362,1.3236693148068446,1.03775269986027,1.7275409409359415,1.1312853188450707,1.3973510704691081,Tabasco,2020-04-28
2020-04-08,1.3754202961318291,1.3191548927093457,1.029516294966214,1.737094494765582,1.147034976510097,1.415815351046181,Tabasco,2020-04-28
2020-04-09,1.3722433389518216,1.3157908854401388,1.045950007519989,1.7481470202688696,1.1365587359148228,1.4026853854592136,Tabasco,2020-04-28
2020-04-10,1.3505055572297349,1.3020821841185373,1.0094749976918704,1.6759945042569606,1.089196489321732,1.3386273969706357,Tabasco,2020-04-28
2020-04-11,1.3278832373729634,1.2937701627506284,1.00209063645228,1.643764879449549,1.1012404349362424,1.3505525316358278,Tabasco,2020-04-28
2020-04-12,1.2989733008765754,1.2588236913502004,0.9910479326196646,1.6477204593584627,1.0640492227050493,1.3003417078633597,Tabasco,2020-04-28
2020-04-13,1.2855611184518614,1.2503351053072915,0.9623991034204231,1.6055411450607462,1.0740047158147117,1.306595986260811,Tabasco,2020-04-28
2020-04-14,1.2534882246632286,1.2274237294754664,0.9405631817729786,1.5949025760269562,1.0958882350737225,1.3288436017243732,Tabasco,2020-04-28
2020-04-15,1.2442097842236004,1.21830182535036,0.9223654993208007,1.5732401154945193,1.0594978210104318,1.29198975797446,Tabasco,2020-04-28
2020-04-16,1.2342001762616897,1.2098863858702529,0.8823003556793676,1.5640777445750063,1.056391760424243,1.2979223243572993,Tabasco,2020-04-28
2020-04-17,1.2523943953870482,1.2270492168738518,0.9394610623881952,1.6036156700989497,1.0645180127304696,1.299028033855813,Tabasco,2020-04-28
2020-04-18,1.2429335465328353,1.2168703550835969,0.8964561058226393,1.5813058198849212,1.0749836509128277,1.3219886244612762,Tabasco,2020-04-28
2020-04-19,1.2397523464353657,1.217686487041456,0.9020845388573345,1.6133967711021109,1.0740649522525656,1.3202281639019222,Tabasco,2020-04-28
2020-04-20,1.2317384486928182,1.211925484422931,0.8492191838418827,1.6130489696889345,1.0676304567433186,1.320490629158456,Tabasco,2020-04-28
2020-04-21,1.22698311936793,1.211635133956889,0.8471636329749141,1.6528470793568102,1.053694568397387,1.3095977177114924,Tabasco,2020-04-28
2020-04-22,1.227894517824271,1.212926589951957,0.8990242302357888,1.7173946242429403,1.0597626450918776,1.318312580788998,Tabasco,2020-04-28
2020-04-23,1.2266894333378,1.212169714009823,0.7975767989890511,1.6577097308062416,1.06362628116537,1.3358951125893006,Tabasco,2020-04-28
2020-04-24,1.2253298871170424,1.2135580345390278,0.7398327482873711,1.6510477250855347,1.0580580714686048,1.3384048460400437,Tabasco,2020-04-28
2020-04-25,1.2238323545622112,1.2168661681442314,0.7938774520706927,1.7144183375650883,1.0619707295037106,1.352421742999862,Tabasco,2020-04-28
2020-04-26,1.2269455096050226,1.2177056611695938,0.7305218837673836,1.683753246520595,1.0501533684431261,1.3446941845028113,Tabasco,2020-04-28
