fecha,dia,casos_acumulados,modelo,grupo,fecha_estimacion
2020-01-30,0,5,real,Inicio de síntomas,2020-05-11
2020-02-06,7,6,real,Inicio de síntomas,2020-05-11
2020-02-07,8,7,real,Inicio de síntomas,2020-05-11
2020-02-17,18,8,real,Inicio de síntomas,2020-05-11
2020-02-18,19,9,real,Inicio de síntomas,2020-05-11
2020-02-19,20,10,real,Inicio de síntomas,2020-05-11
2020-02-21,22,11,real,Inicio de síntomas,2020-05-11
2020-02-22,23,13,real,Inicio de síntomas,2020-05-11
2020-02-23,24,14,real,Inicio de síntomas,2020-05-11
2020-02-25,26,15,real,Inicio de síntomas,2020-05-11
2020-02-26,27,16,real,Inicio de síntomas,2020-05-11
2020-02-27,28,18,real,Inicio de síntomas,2020-05-11
2020-02-28,29,20,real,Inicio de síntomas,2020-05-11
2020-02-29,30,22,real,Inicio de síntomas,2020-05-11
2020-03-01,31,28,real,Inicio de síntomas,2020-05-11
2020-03-02,32,37,real,Inicio de síntomas,2020-05-11
2020-03-03,33,43,real,Inicio de síntomas,2020-05-11
2020-03-04,34,50,real,Inicio de síntomas,2020-05-11
2020-03-05,35,57,real,Inicio de síntomas,2020-05-11
2020-03-06,36,67,real,Inicio de síntomas,2020-05-11
2020-03-07,37,87,real,Inicio de síntomas,2020-05-11
2020-03-08,38,108,real,Inicio de síntomas,2020-05-11
2020-03-09,39,170,real,Inicio de síntomas,2020-05-11
2020-03-10,40,220,real,Inicio de síntomas,2020-05-11
2020-03-11,41,271,real,Inicio de síntomas,2020-05-11
2020-03-12,42,329,real,Inicio de síntomas,2020-05-11
2020-03-13,43,414,real,Inicio de síntomas,2020-05-11
2020-03-14,44,506,real,Inicio de síntomas,2020-05-11
2020-03-15,45,605,real,Inicio de síntomas,2020-05-11
2020-03-16,46,738,real,Inicio de síntomas,2020-05-11
2020-03-17,47,844,real,Inicio de síntomas,2020-05-11
2020-03-18,48,967,real,Inicio de síntomas,2020-05-11
2020-03-19,49,1076,real,Inicio de síntomas,2020-05-11
2020-03-20,50,1258,real,Inicio de síntomas,2020-05-11
2020-03-21,51,1385,real,Inicio de síntomas,2020-05-11
2020-03-22,52,1522,real,Inicio de síntomas,2020-05-11
2020-03-23,53,1742,real,Inicio de síntomas,2020-05-11
2020-03-24,54,1919,real,Inicio de síntomas,2020-05-11
2020-03-25,55,2122,real,Inicio de síntomas,2020-05-11
2020-03-26,56,2365,real,Inicio de síntomas,2020-05-11
2020-03-27,57,2640,real,Inicio de síntomas,2020-05-11
2020-03-28,58,2903,real,Inicio de síntomas,2020-05-11
2020-03-29,59,3163,real,Inicio de síntomas,2020-05-11
2020-03-30,60,3536,real,Inicio de síntomas,2020-05-11
2020-03-31,61,3840,real,Inicio de síntomas,2020-05-11
2020-04-01,62,4281,real,Inicio de síntomas,2020-05-11
2020-04-02,63,4706,real,Inicio de síntomas,2020-05-11
2020-04-03,64,5136,real,Inicio de síntomas,2020-05-11
2020-04-04,65,5576,real,Inicio de síntomas,2020-05-11
2020-04-05,66,5985,real,Inicio de síntomas,2020-05-11
2020-04-06,67,6543,real,Inicio de síntomas,2020-05-11
2020-04-07,68,7026,real,Inicio de síntomas,2020-05-11
2020-04-08,69,7622,real,Inicio de síntomas,2020-05-11
2020-04-09,70,8213,real,Inicio de síntomas,2020-05-11
2020-04-10,71,9130,real,Inicio de síntomas,2020-05-11
2020-04-11,72,9813,real,Inicio de síntomas,2020-05-11
2020-04-12,73,10549,real,Inicio de síntomas,2020-05-11
2020-04-13,74,11453,real,Inicio de síntomas,2020-05-11
2020-04-14,75,12318,real,Inicio de síntomas,2020-05-11
2020-04-15,76,13312,real,Inicio de síntomas,2020-05-11
2020-04-16,77,14285,real,Inicio de síntomas,2020-05-11
2020-04-17,78,15376,real,Inicio de síntomas,2020-05-11
2020-04-18,79,16566,real,Inicio de síntomas,2020-05-11
2020-04-19,80,17633,real,Inicio de síntomas,2020-05-11
2020-04-20,81,19334,real,Inicio de síntomas,2020-05-11
2020-04-21,82,20428,real,Inicio de síntomas,2020-05-11
2020-04-22,83,21553,real,Inicio de síntomas,2020-05-11
2020-04-23,84,22722,real,Inicio de síntomas,2020-05-11
2020-04-24,85,24104,real,Inicio de síntomas,2020-05-11
2020-04-25,86,25459,real,Inicio de síntomas,2020-05-11
2020-04-26,87,26643,real,Inicio de síntomas,2020-05-11
2020-04-27,88,28039,real,Inicio de síntomas,2020-05-11
2020-04-28,89,29172,real,Inicio de síntomas,2020-05-11
2020-04-29,90,30153,real,Inicio de síntomas,2020-05-11
2020-04-30,91,31345,real,Inicio de síntomas,2020-05-11
2020-05-01,92,32630,real,Inicio de síntomas,2020-05-11
2020-05-02,93,33525,real,Inicio de síntomas,2020-05-11
2020-05-03,94,34306,real,Inicio de síntomas,2020-05-11
2020-05-04,95,35100,real,Inicio de síntomas,2020-05-11
2020-05-05,96,35672,real,Inicio de síntomas,2020-05-11
2020-05-06,97,36020,real,Inicio de síntomas,2020-05-11
2020-05-07,98,36201,real,Inicio de síntomas,2020-05-11
2020-05-08,99,36298,real,Inicio de síntomas,2020-05-11
2020-05-09,100,36318,real,Inicio de síntomas,2020-05-11
2020-05-10,101,36327,real,Inicio de síntomas,2020-05-11
2020-01-30,0,5,m1,Estimado (SEIR),2020-05-11
2020-01-31,1,5,m1,Estimado (SEIR),2020-05-11
2020-02-01,2,5,m1,Estimado (SEIR),2020-05-11
2020-02-02,3,6,m1,Estimado (SEIR),2020-05-11
2020-02-03,4,8,m1,Estimado (SEIR),2020-05-11
2020-02-04,5,9,m1,Estimado (SEIR),2020-05-11
2020-02-05,6,11,m1,Estimado (SEIR),2020-05-11
2020-02-06,7,13,m1,Estimado (SEIR),2020-05-11
2020-02-07,8,15,m1,Estimado (SEIR),2020-05-11
2020-02-08,9,18,m1,Estimado (SEIR),2020-05-11
2020-02-09,10,20,m1,Estimado (SEIR),2020-05-11
2020-02-10,11,23,m1,Estimado (SEIR),2020-05-11
2020-02-11,12,26,m1,Estimado (SEIR),2020-05-11
2020-02-12,13,29,m1,Estimado (SEIR),2020-05-11
2020-02-13,14,33,m1,Estimado (SEIR),2020-05-11
2020-02-14,15,37,m1,Estimado (SEIR),2020-05-11
2020-02-15,16,41,m1,Estimado (SEIR),2020-05-11
2020-02-16,17,45,m1,Estimado (SEIR),2020-05-11
2020-02-17,18,50,m1,Estimado (SEIR),2020-05-11
2020-02-18,19,55,m1,Estimado (SEIR),2020-05-11
2020-02-19,20,61,m1,Estimado (SEIR),2020-05-11
2020-02-20,21,67,m1,Estimado (SEIR),2020-05-11
2020-02-21,22,73,m1,Estimado (SEIR),2020-05-11
2020-02-22,23,81,m1,Estimado (SEIR),2020-05-11
2020-02-23,24,89,m1,Estimado (SEIR),2020-05-11
2020-02-24,25,97,m1,Estimado (SEIR),2020-05-11
2020-02-25,26,107,m1,Estimado (SEIR),2020-05-11
2020-02-26,27,117,m1,Estimado (SEIR),2020-05-11
2020-02-27,28,128,m1,Estimado (SEIR),2020-05-11
2020-02-28,29,141,m1,Estimado (SEIR),2020-05-11
2020-02-29,30,154,m1,Estimado (SEIR),2020-05-11
2020-03-01,31,168,m1,Estimado (SEIR),2020-05-11
2020-03-02,32,184,m1,Estimado (SEIR),2020-05-11
2020-03-03,33,201,m1,Estimado (SEIR),2020-05-11
2020-03-04,34,219,m1,Estimado (SEIR),2020-05-11
2020-03-05,35,240,m1,Estimado (SEIR),2020-05-11
2020-03-06,36,262,m1,Estimado (SEIR),2020-05-11
2020-03-07,37,285,m1,Estimado (SEIR),2020-05-11
2020-03-08,38,313,m1,Estimado (SEIR),2020-05-11
2020-03-09,39,344,m1,Estimado (SEIR),2020-05-11
2020-03-10,40,380,m1,Estimado (SEIR),2020-05-11
2020-03-11,41,420,m1,Estimado (SEIR),2020-05-11
2020-03-12,42,466,m1,Estimado (SEIR),2020-05-11
2020-03-13,43,518,m1,Estimado (SEIR),2020-05-11
2020-03-14,44,573,m1,Estimado (SEIR),2020-05-11
2020-03-15,45,636,m1,Estimado (SEIR),2020-05-11
2020-03-16,46,706,m1,Estimado (SEIR),2020-05-11
2020-03-17,47,785,m1,Estimado (SEIR),2020-05-11
2020-03-18,48,875,m1,Estimado (SEIR),2020-05-11
2020-03-19,49,977,m1,Estimado (SEIR),2020-05-11
2020-03-20,50,1093,m1,Estimado (SEIR),2020-05-11
2020-03-21,51,1225,m1,Estimado (SEIR),2020-05-11
2020-03-22,52,1374,m1,Estimado (SEIR),2020-05-11
2020-03-23,53,1544,m1,Estimado (SEIR),2020-05-11
2020-03-24,54,1737,m1,Estimado (SEIR),2020-05-11
2020-03-25,55,1956,m1,Estimado (SEIR),2020-05-11
2020-03-26,56,2204,m1,Estimado (SEIR),2020-05-11
2020-03-27,57,2485,m1,Estimado (SEIR),2020-05-11
2020-03-28,58,2795,m1,Estimado (SEIR),2020-05-11
2020-03-29,59,3127,m1,Estimado (SEIR),2020-05-11
2020-03-30,60,3476,m1,Estimado (SEIR),2020-05-11
2020-03-31,61,3842,m1,Estimado (SEIR),2020-05-11
2020-04-01,62,4229,m1,Estimado (SEIR),2020-05-11
2020-04-02,63,4637,m1,Estimado (SEIR),2020-05-11
2020-04-03,64,5070,m1,Estimado (SEIR),2020-05-11
2020-04-04,65,5527,m1,Estimado (SEIR),2020-05-11
2020-04-05,66,6012,m1,Estimado (SEIR),2020-05-11
2020-04-06,67,6524,m1,Estimado (SEIR),2020-05-11
2020-04-07,68,7072,m1,Estimado (SEIR),2020-05-11
2020-04-08,69,7686,m1,Estimado (SEIR),2020-05-11
2020-04-09,70,8352,m1,Estimado (SEIR),2020-05-11
2020-04-10,71,9044,m1,Estimado (SEIR),2020-05-11
2020-04-11,72,9790,m1,Estimado (SEIR),2020-05-11
2020-04-12,73,10595,m1,Estimado (SEIR),2020-05-11
2020-04-13,74,11462,m1,Estimado (SEIR),2020-05-11
2020-04-14,75,12395,m1,Estimado (SEIR),2020-05-11
2020-04-15,76,13401,m1,Estimado (SEIR),2020-05-11
2020-04-16,77,14485,m1,Estimado (SEIR),2020-05-11
2020-04-17,78,15624,m1,Estimado (SEIR),2020-05-11
2020-04-18,79,16787,m1,Estimado (SEIR),2020-05-11
2020-04-19,80,17957,m1,Estimado (SEIR),2020-05-11
2020-04-20,81,19130,m1,Estimado (SEIR),2020-05-11
2020-04-21,82,20314,m1,Estimado (SEIR),2020-05-11
2020-04-22,83,21510,m1,Estimado (SEIR),2020-05-11
2020-04-23,84,22720,m1,Estimado (SEIR),2020-05-11
2020-04-24,85,23943,m1,Estimado (SEIR),2020-05-11
2020-04-25,86,25181,m1,Estimado (SEIR),2020-05-11
2020-04-26,87,26434,m1,Estimado (SEIR),2020-05-11
2020-04-27,88,27701,m1,Estimado (SEIR),2020-05-11
2020-04-28,89,28984,m1,Estimado (SEIR),2020-05-11
2020-04-29,90,30282,m1,Estimado (SEIR),2020-05-11
2020-04-30,91,31595,m1,Estimado (SEIR),2020-05-11
2020-05-01,92,32924,m1,Estimado (SEIR),2020-05-11
2020-05-02,93,34269,m1,Estimado (SEIR),2020-05-11
2020-05-03,94,35630,m1,Estimado (SEIR),2020-05-11
2020-05-04,95,37007,m1,Estimado (SEIR),2020-05-11
2020-05-05,96,38400,m1,Estimado (SEIR),2020-05-11
2020-05-06,97,39810,m1,Estimado (SEIR),2020-05-11
2020-05-07,98,41237,m1,Estimado (SEIR),2020-05-11
2020-05-08,99,42681,m1,Estimado (SEIR),2020-05-11
2020-05-09,100,44142,m1,Estimado (SEIR),2020-05-11
2020-05-10,101,45620,m1,Estimado (SEIR),2020-05-11
2020-05-11,102,47116,m1,Estimado (SEIR),2020-05-11
2020-01-30,0,5,m2,Estimado (SEIR),2020-05-11
2020-01-31,1,5,m2,Estimado (SEIR),2020-05-11
2020-02-01,2,5,m2,Estimado (SEIR),2020-05-11
2020-02-02,3,6,m2,Estimado (SEIR),2020-05-11
2020-02-03,4,8,m2,Estimado (SEIR),2020-05-11
2020-02-04,5,9,m2,Estimado (SEIR),2020-05-11
2020-02-05,6,11,m2,Estimado (SEIR),2020-05-11
2020-02-06,7,13,m2,Estimado (SEIR),2020-05-11
2020-02-07,8,16,m2,Estimado (SEIR),2020-05-11
2020-02-08,9,18,m2,Estimado (SEIR),2020-05-11
2020-02-09,10,21,m2,Estimado (SEIR),2020-05-11
2020-02-10,11,24,m2,Estimado (SEIR),2020-05-11
2020-02-11,12,28,m2,Estimado (SEIR),2020-05-11
2020-02-12,13,31,m2,Estimado (SEIR),2020-05-11
2020-02-13,14,35,m2,Estimado (SEIR),2020-05-11
2020-02-14,15,40,m2,Estimado (SEIR),2020-05-11
2020-02-15,16,44,m2,Estimado (SEIR),2020-05-11
2020-02-16,17,50,m2,Estimado (SEIR),2020-05-11
2020-02-17,18,56,m2,Estimado (SEIR),2020-05-11
2020-02-18,19,62,m2,Estimado (SEIR),2020-05-11
2020-02-19,20,69,m2,Estimado (SEIR),2020-05-11
2020-02-20,21,76,m2,Estimado (SEIR),2020-05-11
2020-02-21,22,85,m2,Estimado (SEIR),2020-05-11
2020-02-22,23,94,m2,Estimado (SEIR),2020-05-11
2020-02-23,24,104,m2,Estimado (SEIR),2020-05-11
2020-02-24,25,116,m2,Estimado (SEIR),2020-05-11
2020-02-25,26,128,m2,Estimado (SEIR),2020-05-11
2020-02-26,27,141,m2,Estimado (SEIR),2020-05-11
2020-02-27,28,156,m2,Estimado (SEIR),2020-05-11
2020-02-28,29,173,m2,Estimado (SEIR),2020-05-11
2020-02-29,30,191,m2,Estimado (SEIR),2020-05-11
2020-03-01,31,211,m2,Estimado (SEIR),2020-05-11
2020-03-02,32,233,m2,Estimado (SEIR),2020-05-11
2020-03-03,33,257,m2,Estimado (SEIR),2020-05-11
2020-03-04,34,284,m2,Estimado (SEIR),2020-05-11
2020-03-05,35,313,m2,Estimado (SEIR),2020-05-11
2020-03-06,36,345,m2,Estimado (SEIR),2020-05-11
2020-03-07,37,380,m2,Estimado (SEIR),2020-05-11
2020-03-08,38,420,m2,Estimado (SEIR),2020-05-11
2020-03-09,39,463,m2,Estimado (SEIR),2020-05-11
2020-03-10,40,511,m2,Estimado (SEIR),2020-05-11
2020-03-11,41,564,m2,Estimado (SEIR),2020-05-11
2020-03-12,42,623,m2,Estimado (SEIR),2020-05-11
2020-03-13,43,688,m2,Estimado (SEIR),2020-05-11
2020-03-14,44,760,m2,Estimado (SEIR),2020-05-11
2020-03-15,45,840,m2,Estimado (SEIR),2020-05-11
2020-03-16,46,929,m2,Estimado (SEIR),2020-05-11
2020-03-17,47,1027,m2,Estimado (SEIR),2020-05-11
2020-03-18,48,1135,m2,Estimado (SEIR),2020-05-11
2020-03-19,49,1253,m2,Estimado (SEIR),2020-05-11
2020-03-20,50,1384,m2,Estimado (SEIR),2020-05-11
2020-03-21,51,1528,m2,Estimado (SEIR),2020-05-11
2020-03-22,52,1686,m2,Estimado (SEIR),2020-05-11
2020-03-23,53,1859,m2,Estimado (SEIR),2020-05-11
2020-03-24,54,2051,m2,Estimado (SEIR),2020-05-11
2020-03-25,55,2261,m2,Estimado (SEIR),2020-05-11
2020-03-26,56,2491,m2,Estimado (SEIR),2020-05-11
2020-03-27,57,2745,m2,Estimado (SEIR),2020-05-11
2020-03-28,58,3019,m2,Estimado (SEIR),2020-05-11
2020-03-29,59,3314,m2,Estimado (SEIR),2020-05-11
2020-03-30,60,3627,m2,Estimado (SEIR),2020-05-11
2020-03-31,61,3961,m2,Estimado (SEIR),2020-05-11
2020-04-01,62,4316,m2,Estimado (SEIR),2020-05-11
2020-04-02,63,4694,m2,Estimado (SEIR),2020-05-11
2020-04-03,64,5098,m2,Estimado (SEIR),2020-05-11
2020-04-04,65,5528,m2,Estimado (SEIR),2020-05-11
2020-04-05,66,5986,m2,Estimado (SEIR),2020-05-11
2020-04-06,67,6475,m2,Estimado (SEIR),2020-05-11
2020-04-07,68,7002,m2,Estimado (SEIR),2020-05-11
2020-04-08,69,7574,m2,Estimado (SEIR),2020-05-11
2020-04-09,70,8196,m2,Estimado (SEIR),2020-05-11
2020-04-10,71,8872,m2,Estimado (SEIR),2020-05-11
2020-04-11,72,9606,m2,Estimado (SEIR),2020-05-11
2020-04-12,73,10404,m2,Estimado (SEIR),2020-05-11
2020-04-13,74,11271,m2,Estimado (SEIR),2020-05-11
2020-04-14,75,12211,m2,Estimado (SEIR),2020-05-11
2020-04-15,76,13231,m2,Estimado (SEIR),2020-05-11
2020-04-16,77,14339,m2,Estimado (SEIR),2020-05-11
2020-04-17,78,15506,m2,Estimado (SEIR),2020-05-11
2020-04-18,79,16695,m2,Estimado (SEIR),2020-05-11
2020-04-19,80,17884,m2,Estimado (SEIR),2020-05-11
2020-04-20,81,19067,m2,Estimado (SEIR),2020-05-11
2020-04-21,82,20249,m2,Estimado (SEIR),2020-05-11
2020-04-22,83,21433,m2,Estimado (SEIR),2020-05-11
2020-04-23,84,22620,m2,Estimado (SEIR),2020-05-11
2020-04-24,85,23814,m2,Estimado (SEIR),2020-05-11
2020-04-25,86,25013,m2,Estimado (SEIR),2020-05-11
2020-04-26,87,26216,m2,Estimado (SEIR),2020-05-11
2020-04-27,88,27423,m2,Estimado (SEIR),2020-05-11
2020-04-28,89,28636,m2,Estimado (SEIR),2020-05-11
2020-04-29,90,29854,m2,Estimado (SEIR),2020-05-11
2020-04-30,91,31077,m2,Estimado (SEIR),2020-05-11
2020-05-01,92,32306,m2,Estimado (SEIR),2020-05-11
2020-05-02,93,33540,m2,Estimado (SEIR),2020-05-11
2020-05-03,94,34779,m2,Estimado (SEIR),2020-05-11
2020-05-04,95,36024,m2,Estimado (SEIR),2020-05-11
2020-05-05,96,37274,m2,Estimado (SEIR),2020-05-11
2020-05-06,97,38530,m2,Estimado (SEIR),2020-05-11
2020-05-07,98,39791,m2,Estimado (SEIR),2020-05-11
2020-05-08,99,41058,m2,Estimado (SEIR),2020-05-11
2020-05-09,100,42330,m2,Estimado (SEIR),2020-05-11
2020-05-10,101,43608,m2,Estimado (SEIR),2020-05-11
2020-05-11,102,44891,m2,Estimado (SEIR),2020-05-11
2020-01-30,0,5,m3,Estimado (SEIR),2020-05-11
2020-01-31,1,5,m3,Estimado (SEIR),2020-05-11
2020-02-01,2,5,m3,Estimado (SEIR),2020-05-11
2020-02-02,3,6,m3,Estimado (SEIR),2020-05-11
2020-02-03,4,7,m3,Estimado (SEIR),2020-05-11
2020-02-04,5,9,m3,Estimado (SEIR),2020-05-11
2020-02-05,6,11,m3,Estimado (SEIR),2020-05-11
2020-02-06,7,13,m3,Estimado (SEIR),2020-05-11
2020-02-07,8,15,m3,Estimado (SEIR),2020-05-11
2020-02-08,9,17,m3,Estimado (SEIR),2020-05-11
2020-02-09,10,19,m3,Estimado (SEIR),2020-05-11
2020-02-10,11,22,m3,Estimado (SEIR),2020-05-11
2020-02-11,12,25,m3,Estimado (SEIR),2020-05-11
2020-02-12,13,28,m3,Estimado (SEIR),2020-05-11
2020-02-13,14,31,m3,Estimado (SEIR),2020-05-11
2020-02-14,15,35,m3,Estimado (SEIR),2020-05-11
2020-02-15,16,39,m3,Estimado (SEIR),2020-05-11
2020-02-16,17,44,m3,Estimado (SEIR),2020-05-11
2020-02-17,18,48,m3,Estimado (SEIR),2020-05-11
2020-02-18,19,54,m3,Estimado (SEIR),2020-05-11
2020-02-19,20,60,m3,Estimado (SEIR),2020-05-11
2020-02-20,21,66,m3,Estimado (SEIR),2020-05-11
2020-02-21,22,73,m3,Estimado (SEIR),2020-05-11
2020-02-22,23,81,m3,Estimado (SEIR),2020-05-11
2020-02-23,24,89,m3,Estimado (SEIR),2020-05-11
2020-02-24,25,98,m3,Estimado (SEIR),2020-05-11
2020-02-25,26,108,m3,Estimado (SEIR),2020-05-11
2020-02-26,27,119,m3,Estimado (SEIR),2020-05-11
2020-02-27,28,131,m3,Estimado (SEIR),2020-05-11
2020-02-28,29,145,m3,Estimado (SEIR),2020-05-11
2020-02-29,30,159,m3,Estimado (SEIR),2020-05-11
2020-03-01,31,175,m3,Estimado (SEIR),2020-05-11
2020-03-02,32,192,m3,Estimado (SEIR),2020-05-11
2020-03-03,33,212,m3,Estimado (SEIR),2020-05-11
2020-03-04,34,233,m3,Estimado (SEIR),2020-05-11
2020-03-05,35,256,m3,Estimado (SEIR),2020-05-11
2020-03-06,36,281,m3,Estimado (SEIR),2020-05-11
2020-03-07,37,308,m3,Estimado (SEIR),2020-05-11
2020-03-08,38,338,m3,Estimado (SEIR),2020-05-11
2020-03-09,39,371,m3,Estimado (SEIR),2020-05-11
2020-03-10,40,405,m3,Estimado (SEIR),2020-05-11
2020-03-11,41,444,m3,Estimado (SEIR),2020-05-11
2020-03-12,42,487,m3,Estimado (SEIR),2020-05-11
2020-03-13,43,530,m3,Estimado (SEIR),2020-05-11
2020-03-14,44,577,m3,Estimado (SEIR),2020-05-11
2020-03-15,45,628,m3,Estimado (SEIR),2020-05-11
2020-03-16,46,683,m3,Estimado (SEIR),2020-05-11
2020-03-17,47,742,m3,Estimado (SEIR),2020-05-11
2020-03-18,48,810,m3,Estimado (SEIR),2020-05-11
2020-03-19,49,900,m3,Estimado (SEIR),2020-05-11
2020-03-20,50,1009,m3,Estimado (SEIR),2020-05-11
2020-03-21,51,1129,m3,Estimado (SEIR),2020-05-11
2020-03-22,52,1273,m3,Estimado (SEIR),2020-05-11
2020-03-23,53,1445,m3,Estimado (SEIR),2020-05-11
2020-03-24,54,1651,m3,Estimado (SEIR),2020-05-11
2020-03-25,55,1896,m3,Estimado (SEIR),2020-05-11
2020-03-26,56,2189,m3,Estimado (SEIR),2020-05-11
2020-03-27,57,2535,m3,Estimado (SEIR),2020-05-11
2020-03-28,58,2922,m3,Estimado (SEIR),2020-05-11
2020-03-29,59,3328,m3,Estimado (SEIR),2020-05-11
2020-03-30,60,3739,m3,Estimado (SEIR),2020-05-11
2020-03-31,61,4151,m3,Estimado (SEIR),2020-05-11
2020-04-01,62,4567,m3,Estimado (SEIR),2020-05-11
2020-04-02,63,4988,m3,Estimado (SEIR),2020-05-11
2020-04-03,64,5417,m3,Estimado (SEIR),2020-05-11
2020-04-04,65,5852,m3,Estimado (SEIR),2020-05-11
2020-04-05,66,6294,m3,Estimado (SEIR),2020-05-11
2020-04-06,67,6743,m3,Estimado (SEIR),2020-05-11
2020-04-07,68,7222,m3,Estimado (SEIR),2020-05-11
2020-04-08,69,7744,m3,Estimado (SEIR),2020-05-11
2020-04-09,70,8317,m3,Estimado (SEIR),2020-05-11
2020-04-10,71,8978,m3,Estimado (SEIR),2020-05-11
2020-04-11,72,9705,m3,Estimado (SEIR),2020-05-11
2020-04-12,73,10468,m3,Estimado (SEIR),2020-05-11
2020-04-13,74,11305,m3,Estimado (SEIR),2020-05-11
2020-04-14,75,12221,m3,Estimado (SEIR),2020-05-11
2020-04-15,76,13226,m3,Estimado (SEIR),2020-05-11
2020-04-16,77,14325,m3,Estimado (SEIR),2020-05-11
2020-04-17,78,15528,m3,Estimado (SEIR),2020-05-11
2020-04-18,79,16761,m3,Estimado (SEIR),2020-05-11
2020-04-19,80,17978,m3,Estimado (SEIR),2020-05-11
2020-04-20,81,19184,m3,Estimado (SEIR),2020-05-11
2020-04-21,82,20386,m3,Estimado (SEIR),2020-05-11
2020-04-22,83,21584,m3,Estimado (SEIR),2020-05-11
2020-04-23,84,22780,m3,Estimado (SEIR),2020-05-11
2020-04-24,85,23974,m3,Estimado (SEIR),2020-05-11
2020-04-25,86,25167,m3,Estimado (SEIR),2020-05-11
2020-04-26,87,26359,m3,Estimado (SEIR),2020-05-11
2020-04-27,88,27549,m3,Estimado (SEIR),2020-05-11
2020-04-28,89,28738,m3,Estimado (SEIR),2020-05-11
2020-04-29,90,29926,m3,Estimado (SEIR),2020-05-11
2020-04-30,91,31114,m3,Estimado (SEIR),2020-05-11
2020-05-01,92,32300,m3,Estimado (SEIR),2020-05-11
2020-05-02,93,33484,m3,Estimado (SEIR),2020-05-11
2020-05-03,94,34668,m3,Estimado (SEIR),2020-05-11
2020-05-04,95,35851,m3,Estimado (SEIR),2020-05-11
2020-05-05,96,37032,m3,Estimado (SEIR),2020-05-11
2020-05-06,97,38213,m3,Estimado (SEIR),2020-05-11
2020-05-07,98,39392,m3,Estimado (SEIR),2020-05-11
2020-05-08,99,40570,m3,Estimado (SEIR),2020-05-11
2020-05-09,100,41748,m3,Estimado (SEIR),2020-05-11
2020-05-10,101,42924,m3,Estimado (SEIR),2020-05-11
2020-05-11,102,44099,m3,Estimado (SEIR),2020-05-11
2020-01-30,0,5,m4,Estimado (SEIR),2020-05-11
2020-01-31,1,5,m4,Estimado (SEIR),2020-05-11
2020-02-01,2,5,m4,Estimado (SEIR),2020-05-11
2020-02-02,3,6,m4,Estimado (SEIR),2020-05-11
2020-02-03,4,8,m4,Estimado (SEIR),2020-05-11
2020-02-04,5,9,m4,Estimado (SEIR),2020-05-11
2020-02-05,6,11,m4,Estimado (SEIR),2020-05-11
2020-02-06,7,12,m4,Estimado (SEIR),2020-05-11
2020-02-07,8,14,m4,Estimado (SEIR),2020-05-11
2020-02-08,9,16,m4,Estimado (SEIR),2020-05-11
2020-02-09,10,19,m4,Estimado (SEIR),2020-05-11
2020-02-10,11,21,m4,Estimado (SEIR),2020-05-11
2020-02-11,12,23,m4,Estimado (SEIR),2020-05-11
2020-02-12,13,26,m4,Estimado (SEIR),2020-05-11
2020-02-13,14,29,m4,Estimado (SEIR),2020-05-11
2020-02-14,15,32,m4,Estimado (SEIR),2020-05-11
2020-02-15,16,36,m4,Estimado (SEIR),2020-05-11
2020-02-16,17,40,m4,Estimado (SEIR),2020-05-11
2020-02-17,18,44,m4,Estimado (SEIR),2020-05-11
2020-02-18,19,48,m4,Estimado (SEIR),2020-05-11
2020-02-19,20,53,m4,Estimado (SEIR),2020-05-11
2020-02-20,21,59,m4,Estimado (SEIR),2020-05-11
2020-02-21,22,65,m4,Estimado (SEIR),2020-05-11
2020-02-22,23,71,m4,Estimado (SEIR),2020-05-11
2020-02-23,24,78,m4,Estimado (SEIR),2020-05-11
2020-02-24,25,85,m4,Estimado (SEIR),2020-05-11
2020-02-25,26,93,m4,Estimado (SEIR),2020-05-11
2020-02-26,27,102,m4,Estimado (SEIR),2020-05-11
2020-02-27,28,112,m4,Estimado (SEIR),2020-05-11
2020-02-28,29,122,m4,Estimado (SEIR),2020-05-11
2020-02-29,30,134,m4,Estimado (SEIR),2020-05-11
2020-03-01,31,146,m4,Estimado (SEIR),2020-05-11
2020-03-02,32,159,m4,Estimado (SEIR),2020-05-11
2020-03-03,33,174,m4,Estimado (SEIR),2020-05-11
2020-03-04,34,190,m4,Estimado (SEIR),2020-05-11
2020-03-05,35,207,m4,Estimado (SEIR),2020-05-11
2020-03-06,36,226,m4,Estimado (SEIR),2020-05-11
2020-03-07,37,246,m4,Estimado (SEIR),2020-05-11
2020-03-08,38,268,m4,Estimado (SEIR),2020-05-11
2020-03-09,39,295,m4,Estimado (SEIR),2020-05-11
2020-03-10,40,326,m4,Estimado (SEIR),2020-05-11
2020-03-11,41,363,m4,Estimado (SEIR),2020-05-11
2020-03-12,42,406,m4,Estimado (SEIR),2020-05-11
2020-03-13,43,457,m4,Estimado (SEIR),2020-05-11
2020-03-14,44,516,m4,Estimado (SEIR),2020-05-11
2020-03-15,45,585,m4,Estimado (SEIR),2020-05-11
2020-03-16,46,666,m4,Estimado (SEIR),2020-05-11
2020-03-17,47,760,m4,Estimado (SEIR),2020-05-11
2020-03-18,48,867,m4,Estimado (SEIR),2020-05-11
2020-03-19,49,985,m4,Estimado (SEIR),2020-05-11
2020-03-20,50,1124,m4,Estimado (SEIR),2020-05-11
2020-03-21,51,1278,m4,Estimado (SEIR),2020-05-11
2020-03-22,52,1441,m4,Estimado (SEIR),2020-05-11
2020-03-23,53,1622,m4,Estimado (SEIR),2020-05-11
2020-03-24,54,1822,m4,Estimado (SEIR),2020-05-11
2020-03-25,55,2045,m4,Estimado (SEIR),2020-05-11
2020-03-26,56,2293,m4,Estimado (SEIR),2020-05-11
2020-03-27,57,2569,m4,Estimado (SEIR),2020-05-11
2020-03-28,58,2870,m4,Estimado (SEIR),2020-05-11
2020-03-29,59,3190,m4,Estimado (SEIR),2020-05-11
2020-03-30,60,3529,m4,Estimado (SEIR),2020-05-11
2020-03-31,61,3885,m4,Estimado (SEIR),2020-05-11
2020-04-01,62,4261,m4,Estimado (SEIR),2020-05-11
2020-04-02,63,4659,m4,Estimado (SEIR),2020-05-11
2020-04-03,64,5082,m4,Estimado (SEIR),2020-05-11
2020-04-04,65,5530,m4,Estimado (SEIR),2020-05-11
2020-04-05,66,6007,m4,Estimado (SEIR),2020-05-11
2020-04-06,67,6512,m4,Estimado (SEIR),2020-05-11
2020-04-07,68,7054,m4,Estimado (SEIR),2020-05-11
2020-04-08,69,7640,m4,Estimado (SEIR),2020-05-11
2020-04-09,70,8276,m4,Estimado (SEIR),2020-05-11
2020-04-10,71,8965,m4,Estimado (SEIR),2020-05-11
2020-04-11,72,9712,m4,Estimado (SEIR),2020-05-11
2020-04-12,73,10520,m4,Estimado (SEIR),2020-05-11
2020-04-13,74,11394,m4,Estimado (SEIR),2020-05-11
2020-04-14,75,12338,m4,Estimado (SEIR),2020-05-11
2020-04-15,76,13360,m4,Estimado (SEIR),2020-05-11
2020-04-16,77,14464,m4,Estimado (SEIR),2020-05-11
2020-04-17,78,15636,m4,Estimado (SEIR),2020-05-11
2020-04-18,79,16825,m4,Estimado (SEIR),2020-05-11
2020-04-19,80,18003,m4,Estimado (SEIR),2020-05-11
2020-04-20,81,19161,m4,Estimado (SEIR),2020-05-11
2020-04-21,82,20308,m4,Estimado (SEIR),2020-05-11
2020-04-22,83,21453,m4,Estimado (SEIR),2020-05-11
2020-04-23,84,22596,m4,Estimado (SEIR),2020-05-11
2020-04-24,85,23742,m4,Estimado (SEIR),2020-05-11
2020-04-25,86,24889,m4,Estimado (SEIR),2020-05-11
2020-04-26,87,26039,m4,Estimado (SEIR),2020-05-11
2020-04-27,88,27191,m4,Estimado (SEIR),2020-05-11
2020-04-28,89,28345,m4,Estimado (SEIR),2020-05-11
2020-04-29,90,29501,m4,Estimado (SEIR),2020-05-11
2020-04-30,91,30660,m4,Estimado (SEIR),2020-05-11
2020-05-01,92,31822,m4,Estimado (SEIR),2020-05-11
2020-05-02,93,32986,m4,Estimado (SEIR),2020-05-11
2020-05-03,94,34153,m4,Estimado (SEIR),2020-05-11
2020-05-04,95,35322,m4,Estimado (SEIR),2020-05-11
2020-05-05,96,36495,m4,Estimado (SEIR),2020-05-11
2020-05-06,97,37670,m4,Estimado (SEIR),2020-05-11
2020-05-07,98,38847,m4,Estimado (SEIR),2020-05-11
2020-05-08,99,40028,m4,Estimado (SEIR),2020-05-11
2020-05-09,100,41211,m4,Estimado (SEIR),2020-05-11
2020-05-10,101,42397,m4,Estimado (SEIR),2020-05-11
2020-05-11,102,43585,m4,Estimado (SEIR),2020-05-11
2020-01-30,0,5,m5,Estimado (SEIR),2020-05-11
2020-01-31,1,5,m5,Estimado (SEIR),2020-05-11
2020-02-01,2,5,m5,Estimado (SEIR),2020-05-11
2020-02-02,3,6,m5,Estimado (SEIR),2020-05-11
2020-02-03,4,7,m5,Estimado (SEIR),2020-05-11
2020-02-04,5,9,m5,Estimado (SEIR),2020-05-11
2020-02-05,6,10,m5,Estimado (SEIR),2020-05-11
2020-02-06,7,12,m5,Estimado (SEIR),2020-05-11
2020-02-07,8,14,m5,Estimado (SEIR),2020-05-11
2020-02-08,9,16,m5,Estimado (SEIR),2020-05-11
2020-02-09,10,18,m5,Estimado (SEIR),2020-05-11
2020-02-10,11,21,m5,Estimado (SEIR),2020-05-11
2020-02-11,12,23,m5,Estimado (SEIR),2020-05-11
2020-02-12,13,26,m5,Estimado (SEIR),2020-05-11
2020-02-13,14,29,m5,Estimado (SEIR),2020-05-11
2020-02-14,15,32,m5,Estimado (SEIR),2020-05-11
2020-02-15,16,36,m5,Estimado (SEIR),2020-05-11
2020-02-16,17,40,m5,Estimado (SEIR),2020-05-11
2020-02-17,18,44,m5,Estimado (SEIR),2020-05-11
2020-02-18,19,49,m5,Estimado (SEIR),2020-05-11
2020-02-19,20,54,m5,Estimado (SEIR),2020-05-11
2020-02-20,21,60,m5,Estimado (SEIR),2020-05-11
2020-02-21,22,66,m5,Estimado (SEIR),2020-05-11
2020-02-22,23,73,m5,Estimado (SEIR),2020-05-11
2020-02-23,24,80,m5,Estimado (SEIR),2020-05-11
2020-02-24,25,89,m5,Estimado (SEIR),2020-05-11
2020-02-25,26,98,m5,Estimado (SEIR),2020-05-11
2020-02-26,27,107,m5,Estimado (SEIR),2020-05-11
2020-02-27,28,118,m5,Estimado (SEIR),2020-05-11
2020-02-28,29,130,m5,Estimado (SEIR),2020-05-11
2020-02-29,30,143,m5,Estimado (SEIR),2020-05-11
2020-03-01,31,157,m5,Estimado (SEIR),2020-05-11
2020-03-02,32,172,m5,Estimado (SEIR),2020-05-11
2020-03-03,33,189,m5,Estimado (SEIR),2020-05-11
2020-03-04,34,207,m5,Estimado (SEIR),2020-05-11
2020-03-05,35,227,m5,Estimado (SEIR),2020-05-11
2020-03-06,36,249,m5,Estimado (SEIR),2020-05-11
2020-03-07,37,273,m5,Estimado (SEIR),2020-05-11
2020-03-08,38,300,m5,Estimado (SEIR),2020-05-11
2020-03-09,39,331,m5,Estimado (SEIR),2020-05-11
2020-03-10,40,366,m5,Estimado (SEIR),2020-05-11
2020-03-11,41,408,m5,Estimado (SEIR),2020-05-11
2020-03-12,42,456,m5,Estimado (SEIR),2020-05-11
2020-03-13,43,512,m5,Estimado (SEIR),2020-05-11
2020-03-14,44,576,m5,Estimado (SEIR),2020-05-11
2020-03-15,45,649,m5,Estimado (SEIR),2020-05-11
2020-03-16,46,734,m5,Estimado (SEIR),2020-05-11
2020-03-17,47,832,m5,Estimado (SEIR),2020-05-11
2020-03-18,48,942,m5,Estimado (SEIR),2020-05-11
2020-03-19,49,1063,m5,Estimado (SEIR),2020-05-11
2020-03-20,50,1203,m5,Estimado (SEIR),2020-05-11
2020-03-21,51,1357,m5,Estimado (SEIR),2020-05-11
2020-03-22,52,1518,m5,Estimado (SEIR),2020-05-11
2020-03-23,53,1696,m5,Estimado (SEIR),2020-05-11
2020-03-24,54,1892,m5,Estimado (SEIR),2020-05-11
2020-03-25,55,2107,m5,Estimado (SEIR),2020-05-11
2020-03-26,56,2344,m5,Estimado (SEIR),2020-05-11
2020-03-27,57,2605,m5,Estimado (SEIR),2020-05-11
2020-03-28,58,2889,m5,Estimado (SEIR),2020-05-11
2020-03-29,59,3194,m5,Estimado (SEIR),2020-05-11
2020-03-30,60,3520,m5,Estimado (SEIR),2020-05-11
2020-03-31,61,3866,m5,Estimado (SEIR),2020-05-11
2020-04-01,62,4235,m5,Estimado (SEIR),2020-05-11
2020-04-02,63,4629,m5,Estimado (SEIR),2020-05-11
2020-04-03,64,5050,m5,Estimado (SEIR),2020-05-11
2020-04-04,65,5501,m5,Estimado (SEIR),2020-05-11
2020-04-05,66,5983,m5,Estimado (SEIR),2020-05-11
2020-04-06,67,6498,m5,Estimado (SEIR),2020-05-11
2020-04-07,68,7050,m5,Estimado (SEIR),2020-05-11
2020-04-08,69,7644,m5,Estimado (SEIR),2020-05-11
2020-04-09,70,8284,m5,Estimado (SEIR),2020-05-11
2020-04-10,71,8976,m5,Estimado (SEIR),2020-05-11
2020-04-11,72,9722,m5,Estimado (SEIR),2020-05-11
2020-04-12,73,10528,m5,Estimado (SEIR),2020-05-11
2020-04-13,74,11396,m5,Estimado (SEIR),2020-05-11
2020-04-14,75,12332,m5,Estimado (SEIR),2020-05-11
2020-04-15,76,13341,m5,Estimado (SEIR),2020-05-11
2020-04-16,77,14428,m5,Estimado (SEIR),2020-05-11
2020-04-17,78,15578,m5,Estimado (SEIR),2020-05-11
2020-04-18,79,16751,m5,Estimado (SEIR),2020-05-11
2020-04-19,80,17922,m5,Estimado (SEIR),2020-05-11
2020-04-20,81,19084,m5,Estimado (SEIR),2020-05-11
2020-04-21,82,20241,m5,Estimado (SEIR),2020-05-11
2020-04-22,83,21401,m5,Estimado (SEIR),2020-05-11
2020-04-23,84,22566,m5,Estimado (SEIR),2020-05-11
2020-04-24,85,23740,m5,Estimado (SEIR),2020-05-11
2020-04-25,86,24921,m5,Estimado (SEIR),2020-05-11
2020-04-26,87,26106,m5,Estimado (SEIR),2020-05-11
2020-04-27,88,27299,m5,Estimado (SEIR),2020-05-11
2020-04-28,89,28499,m5,Estimado (SEIR),2020-05-11
2020-04-29,90,29707,m5,Estimado (SEIR),2020-05-11
2020-04-30,91,30923,m5,Estimado (SEIR),2020-05-11
2020-05-01,92,32147,m5,Estimado (SEIR),2020-05-11
2020-05-02,93,33379,m5,Estimado (SEIR),2020-05-11
2020-05-03,94,34619,m5,Estimado (SEIR),2020-05-11
2020-05-04,95,35867,m5,Estimado (SEIR),2020-05-11
2020-05-05,96,37123,m5,Estimado (SEIR),2020-05-11
2020-05-06,97,38387,m5,Estimado (SEIR),2020-05-11
2020-05-07,98,39660,m5,Estimado (SEIR),2020-05-11
2020-05-08,99,40941,m5,Estimado (SEIR),2020-05-11
2020-05-09,100,42230,m5,Estimado (SEIR),2020-05-11
2020-05-10,101,43528,m5,Estimado (SEIR),2020-05-11
2020-05-11,102,44835,m5,Estimado (SEIR),2020-05-11
2020-01-30,0,5,m6,Estimado (SEIR),2020-05-11
2020-01-31,1,5,m6,Estimado (SEIR),2020-05-11
2020-02-01,2,5,m6,Estimado (SEIR),2020-05-11
2020-02-02,3,6,m6,Estimado (SEIR),2020-05-11
2020-02-03,4,7,m6,Estimado (SEIR),2020-05-11
2020-02-04,5,9,m6,Estimado (SEIR),2020-05-11
2020-02-05,6,10,m6,Estimado (SEIR),2020-05-11
2020-02-06,7,12,m6,Estimado (SEIR),2020-05-11
2020-02-07,8,14,m6,Estimado (SEIR),2020-05-11
2020-02-08,9,16,m6,Estimado (SEIR),2020-05-11
2020-02-09,10,18,m6,Estimado (SEIR),2020-05-11
2020-02-10,11,20,m6,Estimado (SEIR),2020-05-11
2020-02-11,12,23,m6,Estimado (SEIR),2020-05-11
2020-02-12,13,26,m6,Estimado (SEIR),2020-05-11
2020-02-13,14,29,m6,Estimado (SEIR),2020-05-11
2020-02-14,15,32,m6,Estimado (SEIR),2020-05-11
2020-02-15,16,36,m6,Estimado (SEIR),2020-05-11
2020-02-16,17,40,m6,Estimado (SEIR),2020-05-11
2020-02-17,18,45,m6,Estimado (SEIR),2020-05-11
2020-02-18,19,50,m6,Estimado (SEIR),2020-05-11
2020-02-19,20,55,m6,Estimado (SEIR),2020-05-11
2020-02-20,21,62,m6,Estimado (SEIR),2020-05-11
2020-02-21,22,68,m6,Estimado (SEIR),2020-05-11
2020-02-22,23,76,m6,Estimado (SEIR),2020-05-11
2020-02-23,24,84,m6,Estimado (SEIR),2020-05-11
2020-02-24,25,93,m6,Estimado (SEIR),2020-05-11
2020-02-25,26,103,m6,Estimado (SEIR),2020-05-11
2020-02-26,27,114,m6,Estimado (SEIR),2020-05-11
2020-02-27,28,125,m6,Estimado (SEIR),2020-05-11
2020-02-28,29,139,m6,Estimado (SEIR),2020-05-11
2020-02-29,30,153,m6,Estimado (SEIR),2020-05-11
2020-03-01,31,169,m6,Estimado (SEIR),2020-05-11
2020-03-02,32,187,m6,Estimado (SEIR),2020-05-11
2020-03-03,33,206,m6,Estimado (SEIR),2020-05-11
2020-03-04,34,227,m6,Estimado (SEIR),2020-05-11
2020-03-05,35,250,m6,Estimado (SEIR),2020-05-11
2020-03-06,36,276,m6,Estimado (SEIR),2020-05-11
2020-03-07,37,304,m6,Estimado (SEIR),2020-05-11
2020-03-08,38,336,m6,Estimado (SEIR),2020-05-11
2020-03-09,39,370,m6,Estimado (SEIR),2020-05-11
2020-03-10,40,408,m6,Estimado (SEIR),2020-05-11
2020-03-11,41,451,m6,Estimado (SEIR),2020-05-11
2020-03-12,42,499,m6,Estimado (SEIR),2020-05-11
2020-03-13,43,551,m6,Estimado (SEIR),2020-05-11
2020-03-14,44,610,m6,Estimado (SEIR),2020-05-11
2020-03-15,45,675,m6,Estimado (SEIR),2020-05-11
2020-03-16,46,748,m6,Estimado (SEIR),2020-05-11
2020-03-17,47,828,m6,Estimado (SEIR),2020-05-11
2020-03-18,48,918,m6,Estimado (SEIR),2020-05-11
2020-03-19,49,1017,m6,Estimado (SEIR),2020-05-11
2020-03-20,50,1141,m6,Estimado (SEIR),2020-05-11
2020-03-21,51,1284,m6,Estimado (SEIR),2020-05-11
2020-03-22,52,1435,m6,Estimado (SEIR),2020-05-11
2020-03-23,53,1607,m6,Estimado (SEIR),2020-05-11
2020-03-24,54,1802,m6,Estimado (SEIR),2020-05-11
2020-03-25,55,2023,m6,Estimado (SEIR),2020-05-11
2020-03-26,56,2274,m6,Estimado (SEIR),2020-05-11
2020-03-27,57,2559,m6,Estimado (SEIR),2020-05-11
2020-03-28,58,2878,m6,Estimado (SEIR),2020-05-11
2020-03-29,59,3222,m6,Estimado (SEIR),2020-05-11
2020-03-30,60,3585,m6,Estimado (SEIR),2020-05-11
2020-03-31,61,3961,m6,Estimado (SEIR),2020-05-11
2020-04-01,62,4352,m6,Estimado (SEIR),2020-05-11
2020-04-02,63,4763,m6,Estimado (SEIR),2020-05-11
2020-04-03,64,5195,m6,Estimado (SEIR),2020-05-11
2020-04-04,65,5650,m6,Estimado (SEIR),2020-05-11
2020-04-05,66,6128,m6,Estimado (SEIR),2020-05-11
2020-04-06,67,6633,m6,Estimado (SEIR),2020-05-11
2020-04-07,68,7168,m6,Estimado (SEIR),2020-05-11
2020-04-08,69,7744,m6,Estimado (SEIR),2020-05-11
2020-04-09,70,8368,m6,Estimado (SEIR),2020-05-11
2020-04-10,71,9045,m6,Estimado (SEIR),2020-05-11
2020-04-11,72,9778,m6,Estimado (SEIR),2020-05-11
2020-04-12,73,10570,m6,Estimado (SEIR),2020-05-11
2020-04-13,74,11427,m6,Estimado (SEIR),2020-05-11
2020-04-14,75,12352,m6,Estimado (SEIR),2020-05-11
2020-04-15,76,13351,m6,Estimado (SEIR),2020-05-11
2020-04-16,77,14430,m6,Estimado (SEIR),2020-05-11
2020-04-17,78,15586,m6,Estimado (SEIR),2020-05-11
2020-04-18,79,16775,m6,Estimado (SEIR),2020-05-11
2020-04-19,80,17957,m6,Estimado (SEIR),2020-05-11
2020-04-20,81,19121,m6,Estimado (SEIR),2020-05-11
2020-04-21,82,20279,m6,Estimado (SEIR),2020-05-11
2020-04-22,83,21435,m6,Estimado (SEIR),2020-05-11
2020-04-23,84,22589,m6,Estimado (SEIR),2020-05-11
2020-04-24,85,23743,m6,Estimado (SEIR),2020-05-11
2020-04-25,86,24897,m6,Estimado (SEIR),2020-05-11
2020-04-26,87,26053,m6,Estimado (SEIR),2020-05-11
2020-04-27,88,27210,m6,Estimado (SEIR),2020-05-11
2020-04-28,89,28368,m6,Estimado (SEIR),2020-05-11
2020-04-29,90,29529,m6,Estimado (SEIR),2020-05-11
2020-04-30,91,30691,m6,Estimado (SEIR),2020-05-11
2020-05-01,92,31855,m6,Estimado (SEIR),2020-05-11
2020-05-02,93,33022,m6,Estimado (SEIR),2020-05-11
2020-05-03,94,34190,m6,Estimado (SEIR),2020-05-11
2020-05-04,95,35359,m6,Estimado (SEIR),2020-05-11
2020-05-05,96,36531,m6,Estimado (SEIR),2020-05-11
2020-05-06,97,37705,m6,Estimado (SEIR),2020-05-11
2020-05-07,98,38881,m6,Estimado (SEIR),2020-05-11
2020-05-08,99,40058,m6,Estimado (SEIR),2020-05-11
2020-05-09,100,41238,m6,Estimado (SEIR),2020-05-11
2020-05-10,101,42419,m6,Estimado (SEIR),2020-05-11
2020-05-11,102,43603,m6,Estimado (SEIR),2020-05-11
2020-01-30,0,5,m7,Estimado (SEIR),2020-05-11
2020-01-31,1,5,m7,Estimado (SEIR),2020-05-11
2020-02-01,2,5,m7,Estimado (SEIR),2020-05-11
2020-02-02,3,6,m7,Estimado (SEIR),2020-05-11
2020-02-03,4,7,m7,Estimado (SEIR),2020-05-11
2020-02-04,5,9,m7,Estimado (SEIR),2020-05-11
2020-02-05,6,10,m7,Estimado (SEIR),2020-05-11
2020-02-06,7,11,m7,Estimado (SEIR),2020-05-11
2020-02-07,8,13,m7,Estimado (SEIR),2020-05-11
2020-02-08,9,15,m7,Estimado (SEIR),2020-05-11
2020-02-09,10,17,m7,Estimado (SEIR),2020-05-11
2020-02-10,11,19,m7,Estimado (SEIR),2020-05-11
2020-02-11,12,21,m7,Estimado (SEIR),2020-05-11
2020-02-12,13,24,m7,Estimado (SEIR),2020-05-11
2020-02-13,14,27,m7,Estimado (SEIR),2020-05-11
2020-02-14,15,29,m7,Estimado (SEIR),2020-05-11
2020-02-15,16,33,m7,Estimado (SEIR),2020-05-11
2020-02-16,17,36,m7,Estimado (SEIR),2020-05-11
2020-02-17,18,40,m7,Estimado (SEIR),2020-05-11
2020-02-18,19,44,m7,Estimado (SEIR),2020-05-11
2020-02-19,20,48,m7,Estimado (SEIR),2020-05-11
2020-02-20,21,53,m7,Estimado (SEIR),2020-05-11
2020-02-21,22,58,m7,Estimado (SEIR),2020-05-11
2020-02-22,23,64,m7,Estimado (SEIR),2020-05-11
2020-02-23,24,70,m7,Estimado (SEIR),2020-05-11
2020-02-24,25,77,m7,Estimado (SEIR),2020-05-11
2020-02-25,26,84,m7,Estimado (SEIR),2020-05-11
2020-02-26,27,92,m7,Estimado (SEIR),2020-05-11
2020-02-27,28,101,m7,Estimado (SEIR),2020-05-11
2020-02-28,29,111,m7,Estimado (SEIR),2020-05-11
2020-02-29,30,121,m7,Estimado (SEIR),2020-05-11
2020-03-01,31,132,m7,Estimado (SEIR),2020-05-11
2020-03-02,32,144,m7,Estimado (SEIR),2020-05-11
2020-03-03,33,157,m7,Estimado (SEIR),2020-05-11
2020-03-04,34,171,m7,Estimado (SEIR),2020-05-11
2020-03-05,35,187,m7,Estimado (SEIR),2020-05-11
2020-03-06,36,204,m7,Estimado (SEIR),2020-05-11
2020-03-07,37,222,m7,Estimado (SEIR),2020-05-11
2020-03-08,38,244,m7,Estimado (SEIR),2020-05-11
2020-03-09,39,270,m7,Estimado (SEIR),2020-05-11
2020-03-10,40,302,m7,Estimado (SEIR),2020-05-11
2020-03-11,41,342,m7,Estimado (SEIR),2020-05-11
2020-03-12,42,390,m7,Estimado (SEIR),2020-05-11
2020-03-13,43,449,m7,Estimado (SEIR),2020-05-11
2020-03-14,44,519,m7,Estimado (SEIR),2020-05-11
2020-03-15,45,603,m7,Estimado (SEIR),2020-05-11
2020-03-16,46,705,m7,Estimado (SEIR),2020-05-11
2020-03-17,47,827,m7,Estimado (SEIR),2020-05-11
2020-03-18,48,961,m7,Estimado (SEIR),2020-05-11
2020-03-19,49,1101,m7,Estimado (SEIR),2020-05-11
2020-03-20,50,1250,m7,Estimado (SEIR),2020-05-11
2020-03-21,51,1406,m7,Estimado (SEIR),2020-05-11
2020-03-22,52,1569,m7,Estimado (SEIR),2020-05-11
2020-03-23,53,1743,m7,Estimado (SEIR),2020-05-11
2020-03-24,54,1921,m7,Estimado (SEIR),2020-05-11
2020-03-25,55,2109,m7,Estimado (SEIR),2020-05-11
2020-03-26,56,2309,m7,Estimado (SEIR),2020-05-11
2020-03-27,57,2521,m7,Estimado (SEIR),2020-05-11
2020-03-28,58,2753,m7,Estimado (SEIR),2020-05-11
2020-03-29,59,3009,m7,Estimado (SEIR),2020-05-11
2020-03-30,60,3308,m7,Estimado (SEIR),2020-05-11
2020-03-31,61,3640,m7,Estimado (SEIR),2020-05-11
2020-04-01,62,3989,m7,Estimado (SEIR),2020-05-11
2020-04-02,63,4373,m7,Estimado (SEIR),2020-05-11
2020-04-03,64,4797,m7,Estimado (SEIR),2020-05-11
2020-04-04,65,5263,m7,Estimado (SEIR),2020-05-11
2020-04-05,66,5774,m7,Estimado (SEIR),2020-05-11
2020-04-06,67,6337,m7,Estimado (SEIR),2020-05-11
2020-04-07,68,6944,m7,Estimado (SEIR),2020-05-11
2020-04-08,69,7593,m7,Estimado (SEIR),2020-05-11
2020-04-09,70,8279,m7,Estimado (SEIR),2020-05-11
2020-04-10,71,9003,m7,Estimado (SEIR),2020-05-11
2020-04-11,72,9773,m7,Estimado (SEIR),2020-05-11
2020-04-12,73,10594,m7,Estimado (SEIR),2020-05-11
2020-04-13,74,11469,m7,Estimado (SEIR),2020-05-11
2020-04-14,75,12404,m7,Estimado (SEIR),2020-05-11
2020-04-15,76,13401,m7,Estimado (SEIR),2020-05-11
2020-04-16,77,14465,m7,Estimado (SEIR),2020-05-11
2020-04-17,78,15568,m7,Estimado (SEIR),2020-05-11
2020-04-18,79,16691,m7,Estimado (SEIR),2020-05-11
2020-04-19,80,17822,m7,Estimado (SEIR),2020-05-11
2020-04-20,81,18958,m7,Estimado (SEIR),2020-05-11
2020-04-21,82,20108,m7,Estimado (SEIR),2020-05-11
2020-04-22,83,21275,m7,Estimado (SEIR),2020-05-11
2020-04-23,84,22462,m7,Estimado (SEIR),2020-05-11
2020-04-24,85,23671,m7,Estimado (SEIR),2020-05-11
2020-04-25,86,24903,m7,Estimado (SEIR),2020-05-11
2020-04-26,87,26160,m7,Estimado (SEIR),2020-05-11
2020-04-27,88,27440,m7,Estimado (SEIR),2020-05-11
2020-04-28,89,28746,m7,Estimado (SEIR),2020-05-11
2020-04-29,90,30078,m7,Estimado (SEIR),2020-05-11
2020-04-30,91,31437,m7,Estimado (SEIR),2020-05-11
2020-05-01,92,32822,m7,Estimado (SEIR),2020-05-11
2020-05-02,93,34235,m7,Estimado (SEIR),2020-05-11
2020-05-03,94,35676,m7,Estimado (SEIR),2020-05-11
2020-05-04,95,37145,m7,Estimado (SEIR),2020-05-11
2020-05-05,96,38644,m7,Estimado (SEIR),2020-05-11
2020-05-06,97,40172,m7,Estimado (SEIR),2020-05-11
2020-05-07,98,41731,m7,Estimado (SEIR),2020-05-11
2020-05-08,99,43320,m7,Estimado (SEIR),2020-05-11
2020-05-09,100,44941,m7,Estimado (SEIR),2020-05-11
2020-05-10,101,46595,m7,Estimado (SEIR),2020-05-11
2020-05-11,102,48281,m7,Estimado (SEIR),2020-05-11
2020-01-30,0,5,m8,Estimado (SEIR),2020-05-11
2020-01-31,1,5,m8,Estimado (SEIR),2020-05-11
2020-02-01,2,5,m8,Estimado (SEIR),2020-05-11
2020-02-02,3,6,m8,Estimado (SEIR),2020-05-11
2020-02-03,4,7,m8,Estimado (SEIR),2020-05-11
2020-02-04,5,9,m8,Estimado (SEIR),2020-05-11
2020-02-05,6,10,m8,Estimado (SEIR),2020-05-11
2020-02-06,7,12,m8,Estimado (SEIR),2020-05-11
2020-02-07,8,14,m8,Estimado (SEIR),2020-05-11
2020-02-08,9,16,m8,Estimado (SEIR),2020-05-11
2020-02-09,10,19,m8,Estimado (SEIR),2020-05-11
2020-02-10,11,22,m8,Estimado (SEIR),2020-05-11
2020-02-11,12,25,m8,Estimado (SEIR),2020-05-11
2020-02-12,13,28,m8,Estimado (SEIR),2020-05-11
2020-02-13,14,32,m8,Estimado (SEIR),2020-05-11
2020-02-14,15,36,m8,Estimado (SEIR),2020-05-11
2020-02-15,16,40,m8,Estimado (SEIR),2020-05-11
2020-02-16,17,45,m8,Estimado (SEIR),2020-05-11
2020-02-17,18,51,m8,Estimado (SEIR),2020-05-11
2020-02-18,19,57,m8,Estimado (SEIR),2020-05-11
2020-02-19,20,64,m8,Estimado (SEIR),2020-05-11
2020-02-20,21,72,m8,Estimado (SEIR),2020-05-11
2020-02-21,22,80,m8,Estimado (SEIR),2020-05-11
2020-02-22,23,90,m8,Estimado (SEIR),2020-05-11
2020-02-23,24,101,m8,Estimado (SEIR),2020-05-11
2020-02-24,25,112,m8,Estimado (SEIR),2020-05-11
2020-02-25,26,125,m8,Estimado (SEIR),2020-05-11
2020-02-26,27,140,m8,Estimado (SEIR),2020-05-11
2020-02-27,28,156,m8,Estimado (SEIR),2020-05-11
2020-02-28,29,174,m8,Estimado (SEIR),2020-05-11
2020-02-29,30,194,m8,Estimado (SEIR),2020-05-11
2020-03-01,31,216,m8,Estimado (SEIR),2020-05-11
2020-03-02,32,241,m8,Estimado (SEIR),2020-05-11
2020-03-03,33,268,m8,Estimado (SEIR),2020-05-11
2020-03-04,34,299,m8,Estimado (SEIR),2020-05-11
2020-03-05,35,333,m8,Estimado (SEIR),2020-05-11
2020-03-06,36,371,m8,Estimado (SEIR),2020-05-11
2020-03-07,37,413,m8,Estimado (SEIR),2020-05-11
2020-03-08,38,457,m8,Estimado (SEIR),2020-05-11
2020-03-09,39,501,m8,Estimado (SEIR),2020-05-11
2020-03-10,40,543,m8,Estimado (SEIR),2020-05-11
2020-03-11,41,582,m8,Estimado (SEIR),2020-05-11
2020-03-12,42,621,m8,Estimado (SEIR),2020-05-11
2020-03-13,43,659,m8,Estimado (SEIR),2020-05-11
2020-03-14,44,696,m8,Estimado (SEIR),2020-05-11
2020-03-15,45,732,m8,Estimado (SEIR),2020-05-11
2020-03-16,46,767,m8,Estimado (SEIR),2020-05-11
2020-03-17,47,802,m8,Estimado (SEIR),2020-05-11
2020-03-18,48,854,m8,Estimado (SEIR),2020-05-11
2020-03-19,49,923,m8,Estimado (SEIR),2020-05-11
2020-03-20,50,1010,m8,Estimado (SEIR),2020-05-11
2020-03-21,51,1120,m8,Estimado (SEIR),2020-05-11
2020-03-22,52,1256,m8,Estimado (SEIR),2020-05-11
2020-03-23,53,1409,m8,Estimado (SEIR),2020-05-11
2020-03-24,54,1596,m8,Estimado (SEIR),2020-05-11
2020-03-25,55,1824,m8,Estimado (SEIR),2020-05-11
2020-03-26,56,2102,m8,Estimado (SEIR),2020-05-11
2020-03-27,57,2441,m8,Estimado (SEIR),2020-05-11
2020-03-28,58,2811,m8,Estimado (SEIR),2020-05-11
2020-03-29,59,3193,m8,Estimado (SEIR),2020-05-11
2020-03-30,60,3582,m8,Estimado (SEIR),2020-05-11
2020-03-31,61,3978,m8,Estimado (SEIR),2020-05-11
2020-04-01,62,4385,m8,Estimado (SEIR),2020-05-11
2020-04-02,63,4804,m8,Estimado (SEIR),2020-05-11
2020-04-03,64,5237,m8,Estimado (SEIR),2020-05-11
2020-04-04,65,5686,m8,Estimado (SEIR),2020-05-11
2020-04-05,66,6152,m8,Estimado (SEIR),2020-05-11
2020-04-06,67,6636,m8,Estimado (SEIR),2020-05-11
2020-04-07,68,7156,m8,Estimado (SEIR),2020-05-11
2020-04-08,69,7721,m8,Estimado (SEIR),2020-05-11
2020-04-09,70,8337,m8,Estimado (SEIR),2020-05-11
2020-04-10,71,9037,m8,Estimado (SEIR),2020-05-11
2020-04-11,72,9797,m8,Estimado (SEIR),2020-05-11
2020-04-12,73,10589,m8,Estimado (SEIR),2020-05-11
2020-04-13,74,11448,m8,Estimado (SEIR),2020-05-11
2020-04-14,75,12377,m8,Estimado (SEIR),2020-05-11
2020-04-15,76,13381,m8,Estimado (SEIR),2020-05-11
2020-04-16,77,14467,m8,Estimado (SEIR),2020-05-11
2020-04-17,78,15639,m8,Estimado (SEIR),2020-05-11
2020-04-18,79,16836,m8,Estimado (SEIR),2020-05-11
2020-04-19,80,18015,m8,Estimado (SEIR),2020-05-11
2020-04-20,81,19187,m8,Estimado (SEIR),2020-05-11
2020-04-21,82,20362,m8,Estimado (SEIR),2020-05-11
2020-04-22,83,21543,m8,Estimado (SEIR),2020-05-11
2020-04-23,84,22734,m8,Estimado (SEIR),2020-05-11
2020-04-24,85,23938,m8,Estimado (SEIR),2020-05-11
2020-04-25,86,25154,m8,Estimado (SEIR),2020-05-11
2020-04-26,87,26384,m8,Estimado (SEIR),2020-05-11
2020-04-27,88,27629,m8,Estimado (SEIR),2020-05-11
2020-04-28,89,28889,m8,Estimado (SEIR),2020-05-11
2020-04-29,90,30165,m8,Estimado (SEIR),2020-05-11
2020-04-30,91,31456,m8,Estimado (SEIR),2020-05-11
2020-05-01,92,32764,m8,Estimado (SEIR),2020-05-11
2020-05-02,93,34087,m8,Estimado (SEIR),2020-05-11
2020-05-03,94,35428,m8,Estimado (SEIR),2020-05-11
2020-05-04,95,36785,m8,Estimado (SEIR),2020-05-11
2020-05-05,96,38159,m8,Estimado (SEIR),2020-05-11
2020-05-06,97,39550,m8,Estimado (SEIR),2020-05-11
2020-05-07,98,40958,m8,Estimado (SEIR),2020-05-11
2020-05-08,99,42385,m8,Estimado (SEIR),2020-05-11
2020-05-09,100,43829,m8,Estimado (SEIR),2020-05-11
2020-05-10,101,45291,m8,Estimado (SEIR),2020-05-11
2020-05-11,102,46771,m8,Estimado (SEIR),2020-05-11
2020-01-30,0,5,m9,Estimado (SEIR),2020-05-11
2020-01-31,1,5,m9,Estimado (SEIR),2020-05-11
2020-02-01,2,5,m9,Estimado (SEIR),2020-05-11
2020-02-02,3,6,m9,Estimado (SEIR),2020-05-11
2020-02-03,4,7,m9,Estimado (SEIR),2020-05-11
2020-02-04,5,8,m9,Estimado (SEIR),2020-05-11
2020-02-05,6,9,m9,Estimado (SEIR),2020-05-11
2020-02-06,7,10,m9,Estimado (SEIR),2020-05-11
2020-02-07,8,11,m9,Estimado (SEIR),2020-05-11
2020-02-08,9,12,m9,Estimado (SEIR),2020-05-11
2020-02-09,10,14,m9,Estimado (SEIR),2020-05-11
2020-02-10,11,15,m9,Estimado (SEIR),2020-05-11
2020-02-11,12,17,m9,Estimado (SEIR),2020-05-11
2020-02-12,13,19,m9,Estimado (SEIR),2020-05-11
2020-02-13,14,21,m9,Estimado (SEIR),2020-05-11
2020-02-14,15,23,m9,Estimado (SEIR),2020-05-11
2020-02-15,16,26,m9,Estimado (SEIR),2020-05-11
2020-02-16,17,28,m9,Estimado (SEIR),2020-05-11
2020-02-17,18,31,m9,Estimado (SEIR),2020-05-11
2020-02-18,19,34,m9,Estimado (SEIR),2020-05-11
2020-02-19,20,37,m9,Estimado (SEIR),2020-05-11
2020-02-20,21,41,m9,Estimado (SEIR),2020-05-11
2020-02-21,22,44,m9,Estimado (SEIR),2020-05-11
2020-02-22,23,49,m9,Estimado (SEIR),2020-05-11
2020-02-23,24,53,m9,Estimado (SEIR),2020-05-11
2020-02-24,25,58,m9,Estimado (SEIR),2020-05-11
2020-02-25,26,63,m9,Estimado (SEIR),2020-05-11
2020-02-26,27,69,m9,Estimado (SEIR),2020-05-11
2020-02-27,28,75,m9,Estimado (SEIR),2020-05-11
2020-02-28,29,81,m9,Estimado (SEIR),2020-05-11
2020-02-29,30,88,m9,Estimado (SEIR),2020-05-11
2020-03-01,31,96,m9,Estimado (SEIR),2020-05-11
2020-03-02,32,104,m9,Estimado (SEIR),2020-05-11
2020-03-03,33,113,m9,Estimado (SEIR),2020-05-11
2020-03-04,34,123,m9,Estimado (SEIR),2020-05-11
2020-03-05,35,133,m9,Estimado (SEIR),2020-05-11
2020-03-06,36,144,m9,Estimado (SEIR),2020-05-11
2020-03-07,37,157,m9,Estimado (SEIR),2020-05-11
2020-03-08,38,171,m9,Estimado (SEIR),2020-05-11
2020-03-09,39,189,m9,Estimado (SEIR),2020-05-11
2020-03-10,40,214,m9,Estimado (SEIR),2020-05-11
2020-03-11,41,245,m9,Estimado (SEIR),2020-05-11
2020-03-12,42,285,m9,Estimado (SEIR),2020-05-11
2020-03-13,43,336,m9,Estimado (SEIR),2020-05-11
2020-03-14,44,399,m9,Estimado (SEIR),2020-05-11
2020-03-15,45,477,m9,Estimado (SEIR),2020-05-11
2020-03-16,46,575,m9,Estimado (SEIR),2020-05-11
2020-03-17,47,699,m9,Estimado (SEIR),2020-05-11
2020-03-18,48,843,m9,Estimado (SEIR),2020-05-11
2020-03-19,49,1002,m9,Estimado (SEIR),2020-05-11
2020-03-20,50,1168,m9,Estimado (SEIR),2020-05-11
2020-03-21,51,1341,m9,Estimado (SEIR),2020-05-11
2020-03-22,52,1524,m9,Estimado (SEIR),2020-05-11
2020-03-23,53,1720,m9,Estimado (SEIR),2020-05-11
2020-03-24,54,1931,m9,Estimado (SEIR),2020-05-11
2020-03-25,55,2157,m9,Estimado (SEIR),2020-05-11
2020-03-26,56,2400,m9,Estimado (SEIR),2020-05-11
2020-03-27,57,2663,m9,Estimado (SEIR),2020-05-11
2020-03-28,58,2943,m9,Estimado (SEIR),2020-05-11
2020-03-29,59,3243,m9,Estimado (SEIR),2020-05-11
2020-03-30,60,3562,m9,Estimado (SEIR),2020-05-11
2020-03-31,61,3903,m9,Estimado (SEIR),2020-05-11
2020-04-01,62,4267,m9,Estimado (SEIR),2020-05-11
2020-04-02,63,4656,m9,Estimado (SEIR),2020-05-11
2020-04-03,64,5071,m9,Estimado (SEIR),2020-05-11
2020-04-04,65,5515,m9,Estimado (SEIR),2020-05-11
2020-04-05,66,5988,m9,Estimado (SEIR),2020-05-11
2020-04-06,67,6494,m9,Estimado (SEIR),2020-05-11
2020-04-07,68,7038,m9,Estimado (SEIR),2020-05-11
2020-04-08,69,7625,m9,Estimado (SEIR),2020-05-11
2020-04-09,70,8263,m9,Estimado (SEIR),2020-05-11
2020-04-10,71,8955,m9,Estimado (SEIR),2020-05-11
2020-04-11,72,9706,m9,Estimado (SEIR),2020-05-11
2020-04-12,73,10518,m9,Estimado (SEIR),2020-05-11
2020-04-13,74,11397,m9,Estimado (SEIR),2020-05-11
2020-04-14,75,12347,m9,Estimado (SEIR),2020-05-11
2020-04-15,76,13376,m9,Estimado (SEIR),2020-05-11
2020-04-16,77,14488,m9,Estimado (SEIR),2020-05-11
2020-04-17,78,15655,m9,Estimado (SEIR),2020-05-11
2020-04-18,79,16830,m9,Estimado (SEIR),2020-05-11
2020-04-19,80,17981,m9,Estimado (SEIR),2020-05-11
2020-04-20,81,19126,m9,Estimado (SEIR),2020-05-11
2020-04-21,82,20273,m9,Estimado (SEIR),2020-05-11
2020-04-22,83,21423,m9,Estimado (SEIR),2020-05-11
2020-04-23,84,22579,m9,Estimado (SEIR),2020-05-11
2020-04-24,85,23742,m9,Estimado (SEIR),2020-05-11
2020-04-25,86,24913,m9,Estimado (SEIR),2020-05-11
2020-04-26,87,26092,m9,Estimado (SEIR),2020-05-11
2020-04-27,88,27281,m9,Estimado (SEIR),2020-05-11
2020-04-28,89,28480,m9,Estimado (SEIR),2020-05-11
2020-04-29,90,29689,m9,Estimado (SEIR),2020-05-11
2020-04-30,91,30907,m9,Estimado (SEIR),2020-05-11
2020-05-01,92,32136,m9,Estimado (SEIR),2020-05-11
2020-05-02,93,33376,m9,Estimado (SEIR),2020-05-11
2020-05-03,94,34625,m9,Estimado (SEIR),2020-05-11
2020-05-04,95,35886,m9,Estimado (SEIR),2020-05-11
2020-05-05,96,37157,m9,Estimado (SEIR),2020-05-11
2020-05-06,97,38439,m9,Estimado (SEIR),2020-05-11
2020-05-07,98,39731,m9,Estimado (SEIR),2020-05-11
2020-05-08,99,41035,m9,Estimado (SEIR),2020-05-11
2020-05-09,100,42350,m9,Estimado (SEIR),2020-05-11
2020-05-10,101,43676,m9,Estimado (SEIR),2020-05-11
2020-05-11,102,45013,m9,Estimado (SEIR),2020-05-11
2020-02-28,29,3,Confirmado,Confirmado,2020-05-11
2020-02-29,30,4,Confirmado,Confirmado,2020-05-11
2020-03-01,31,5,Confirmado,Confirmado,2020-05-11
2020-03-02,32,5,Confirmado,Confirmado,2020-05-11
2020-03-03,33,5,Confirmado,Confirmado,2020-05-11
2020-03-04,34,5,Confirmado,Confirmado,2020-05-11
2020-03-05,35,5,Confirmado,Confirmado,2020-05-11
2020-03-06,36,6,Confirmado,Confirmado,2020-05-11
2020-03-07,37,7,Confirmado,Confirmado,2020-05-11
2020-03-08,38,7,Confirmado,Confirmado,2020-05-11
2020-03-09,39,7,Confirmado,Confirmado,2020-05-11
2020-03-10,40,7,Confirmado,Confirmado,2020-05-11
2020-03-11,41,12,Confirmado,Confirmado,2020-05-11
2020-03-12,42,15,Confirmado,Confirmado,2020-05-11
2020-03-13,43,27,Confirmado,Confirmado,2020-05-11
2020-03-14,44,40,Confirmado,Confirmado,2020-05-11
2020-03-15,45,53,Confirmado,Confirmado,2020-05-11
2020-03-16,46,82,Confirmado,Confirmado,2020-05-11
2020-03-17,47,93,Confirmado,Confirmado,2020-05-11
2020-03-18,48,118,Confirmado,Confirmado,2020-05-11
2020-03-19,49,164,Confirmado,Confirmado,2020-05-11
2020-03-20,50,203,Confirmado,Confirmado,2020-05-11
2020-03-21,51,251,Confirmado,Confirmado,2020-05-11
2020-03-22,52,316,Confirmado,Confirmado,2020-05-11
2020-03-23,53,367,Confirmado,Confirmado,2020-05-11
2020-03-24,54,405,Confirmado,Confirmado,2020-05-11
2020-03-25,55,475,Confirmado,Confirmado,2020-05-11
2020-03-26,56,585,Confirmado,Confirmado,2020-05-11
2020-03-27,57,717,Confirmado,Confirmado,2020-05-11
2020-03-28,58,848,Confirmado,Confirmado,2020-05-11
2020-03-29,59,993,Confirmado,Confirmado,2020-05-11
2020-03-30,60,1094,Confirmado,Confirmado,2020-05-11
2020-03-31,61,1215,Confirmado,Confirmado,2020-05-11
2020-04-01,62,1378,Confirmado,Confirmado,2020-05-11
2020-04-02,63,1510,Confirmado,Confirmado,2020-05-11
2020-04-03,64,1688,Confirmado,Confirmado,2020-05-11
2020-04-04,65,1890,Confirmado,Confirmado,2020-05-11
2020-04-05,66,2143,Confirmado,Confirmado,2020-05-11
2020-04-06,67,2439,Confirmado,Confirmado,2020-05-11
2020-04-07,68,2785,Confirmado,Confirmado,2020-05-11
2020-04-08,69,3181,Confirmado,Confirmado,2020-05-11
2020-04-09,70,3441,Confirmado,Confirmado,2020-05-11
2020-04-10,71,3844,Confirmado,Confirmado,2020-05-11
2020-04-11,72,4219,Confirmado,Confirmado,2020-05-11
2020-04-12,73,4661,Confirmado,Confirmado,2020-05-11
2020-04-13,74,5014,Confirmado,Confirmado,2020-05-11
2020-04-14,75,5399,Confirmado,Confirmado,2020-05-11
2020-04-15,76,5847,Confirmado,Confirmado,2020-05-11
2020-04-16,77,6297,Confirmado,Confirmado,2020-05-11
2020-04-17,78,6875,Confirmado,Confirmado,2020-05-11
2020-04-18,79,7497,Confirmado,Confirmado,2020-05-11
2020-04-19,80,8261,Confirmado,Confirmado,2020-05-11
2020-04-20,81,8772,Confirmado,Confirmado,2020-05-11
2020-04-21,82,9501,Confirmado,Confirmado,2020-05-11
2020-04-22,83,10544,Confirmado,Confirmado,2020-05-11
2020-04-23,84,11633,Confirmado,Confirmado,2020-05-11
2020-04-24,85,12872,Confirmado,Confirmado,2020-05-11
2020-04-25,86,13842,Confirmado,Confirmado,2020-05-11
2020-04-26,87,14677,Confirmado,Confirmado,2020-05-11
2020-04-27,88,15529,Confirmado,Confirmado,2020-05-11
2020-04-28,89,16752,Confirmado,Confirmado,2020-05-11
2020-04-29,90,17799,Confirmado,Confirmado,2020-05-11
2020-04-30,91,19224,Confirmado,Confirmado,2020-05-11
2020-05-01,92,20739,Confirmado,Confirmado,2020-05-11
2020-05-02,93,22088,Confirmado,Confirmado,2020-05-11
2020-05-03,94,23471,Confirmado,Confirmado,2020-05-11
2020-05-04,95,24905,Confirmado,Confirmado,2020-05-11
2020-05-05,96,26025,Confirmado,Confirmado,2020-05-11
2020-05-06,97,27634,Confirmado,Confirmado,2020-05-11
2020-05-07,98,29616,Confirmado,Confirmado,2020-05-11
2020-05-08,99,31522,Confirmado,Confirmado,2020-05-11
2020-05-09,100,33460,Confirmado,Confirmado,2020-05-11
2020-05-10,101,35022,Confirmado,Confirmado,2020-05-11
2020-05-11,102,36327,Confirmado,Confirmado,2020-05-11
